產業,分類,股票代碼,股票名稱
傳產,其他,1435,中福
傳產,其他,1437,勤益控
傳產,其他,1516,川飛
傳產,其他,1785,光洋科
傳產,其他,2062,橋椿
傳產,其他,2230,泰茂
傳產,其他,2348,海悅
傳產,其他,2614,東森
傳產,其他,2616,山隆
傳產,其他,2640,大車隊
傳產,其他,2724,藝舍-KY
傳產,其他,2941,米斯特
傳產,其他,2948,寶陞
傳產,其他,3067,全域
傳產,其他,3284,太普高
傳產,其他,3518,柏騰
傳產,其他,3557,嘉威
傳產,其他,3629,地心引力
傳產,其他,3663,鑫科
傳產,其他,4154,樂威科-KY
傳產,其他,4430,耀億
傳產,其他,4529,淳紳
傳產,其他,4556,旭然
傳產,其他,4558,寶緯
傳產,其他,4564,元翎
傳產,其他,4584,君帆
傳產,其他,5205,中茂
傳產,其他,5284,jpp-KY
傳產,其他,5292,華懋
傳產,其他,5314,世紀*
傳產,其他,5450,南良
傳產,其他,5481,新華
傳產,其他,5530,龍巖
傳產,其他,5604,中連
傳產,其他,5871,中租-KY
傳產,其他,6179,亞通
傳產,其他,6199,天品
傳產,其他,6464,台數科
傳產,其他,6578,達邦蛋白
傳產,其他,6592,和潤企業
傳產,其他,6616,特昇-KY
傳產,其他,6629,泰金-KY
傳產,其他,6655,科定
傳產,其他,6671,三能-KY
傳產,其他,6698,旭暉應材
傳產,其他,6721,信實
傳產,其他,6754,匯僑設計
傳產,其他,6768,志強-KY
傳產,其他,6807,峰源-KY
傳產,其他,6881,潤德
傳產,其他,6887,寶綠特-KY
傳產,其他,6890,來億-KY
傳產,其他,6894,衛司特
傳產,其他,6904,伯鑫
傳產,其他,6914,阜爾運通
傳產,其他,6923,中台
傳產,其他,6957,裕慶-KY
傳產,其他,6958,日盛台駿
傳產,其他,6965,中傑-KY
傳產,其他,6968,萬達寵物
傳產,其他,6969,成信實業*-創
傳產,其他,6994,富威電力
傳產,其他,7715,裕山
傳產,其他,7777,能率亞洲
傳產,其他,7818,溢泰實業
傳產,其他,8222,寶一
傳產,其他,8342,益張
傳產,其他,8401,白紗科
傳產,其他,8411,福貞-KY
傳產,其他,8426,紅木-KY
傳產,其他,8435,鉅邁
傳產,其他,8437,大地-KY
傳產,其他,8442,威宏-KY
傳產,其他,8444,綠河-KY
傳產,其他,8464,億豐
傳產,其他,8466,美吉吉-KY
傳產,其他,8467,波力-KY
傳產,其他,8478,東哥遊艇
傳產,其他,8481,政伸
傳產,其他,8482,商億-KY
傳產,其他,8487,愛爾達-創
傳產,其他,8488,吉源-KY
傳產,其他,8906,花王
傳產,其他,8908,欣雄
傳產,其他,8917,欣泰
傳產,其他,8921,沈氏
傳產,其他,8926,台汽電
傳產,其他,8927,北基
傳產,其他,8929,富堡
傳產,其他,8931,大汽電
傳產,其他,8941,關中
傳產,其他,9103,美德醫療-DR
傳產,其他,911608,明輝-DR
傳產,其他,9802,鈺齊-KY
傳產,其他,9902,台火
傳產,其他,9904,寶成
傳產,其他,9905,大華
傳產,其他,9908,大台北
傳產,其他,9910,豐泰
傳產,其他,9911,櫻花
傳產,其他,9918,欣天然
傳產,其他,9919,康那香
傳產,其他,9924,福興
傳產,其他,9926,新海
傳產,其他,9928,中視
傳產,其他,9929,秋雨
傳產,其他,9930,中聯資源
傳產,其他,9931,欣高
傳產,其他,9933,中鼎
傳產,其他,9934,成霖
傳產,其他,9935,慶豐富
傳產,其他,9937,全國
傳產,其他,9940,信義
傳產,其他,9941,裕融
傳產,其他,9944,新麗
傳產,其他,9949,琉園
傳產,化學工業,1708,東鹼
傳產,化學工業,1709,和益
傳產,化學工業,1710,東聯
傳產,化學工業,1711,永光
傳產,化學工業,1712,興農
傳產,化學工業,1713,國化
傳產,化學工業,1714,和桐
傳產,化學工業,1717,長興
傳產,化學工業,1718,中纖
傳產,化學工業,1721,三晃
傳產,化學工業,1722,台肥
傳產,化學工業,1723,中碳
傳產,化學工業,1725,元禎
傳產,化學工業,1726,永記
傳產,化學工業,1727,中華化
傳產,化學工業,1730,花仙子
傳產,化學工業,1732,毛寶
傳產,化學工業,1735,日勝化
傳產,化學工業,1742,台蠟
傳產,化學工業,1773,勝一
傳產,化學工業,1776,展宇
傳產,化學工業,3430,奇鈦科
傳產,化學工業,4702,中美實
傳產,化學工業,4706,大恭
傳產,化學工業,4707,磐亞
傳產,化學工業,4711,永純
傳產,化學工業,4714,永捷
傳產,化學工業,4716,大立
傳產,化學工業,4720,德淵
傳產,化學工業,4721,美琪瑪
傳產,化學工業,4722,國精化
傳產,化學工業,4739,康普
傳產,化學工業,4741,泓瀚
傳產,化學工業,4754,國碳科
傳產,化學工業,4755,三福化
傳產,化學工業,4763,材料*-KY
傳產,化學工業,4764,雙鍵
傳產,化學工業,4766,南寶
傳產,化學工業,4767,誠泰科技
傳產,化學工業,4768,晶呈科技
傳產,化學工業,4772,台特化
傳產,化學工業,6509,聚和
傳產,塑膠,1301,台塑
傳產,塑膠,1303,南亞
傳產,塑膠,1304,台聚
傳產,塑膠,1305,華夏
傳產,塑膠,1307,三芳
傳產,塑膠,1308,亞聚
傳產,塑膠,1309,台達化
傳產,塑膠,1310,台苯
傳產,塑膠,1312,國喬
傳產,塑膠,1313,聯成
傳產,塑膠,1314,中石化
傳產,塑膠,1315,達新
傳產,塑膠,1321,大洋
傳產,塑膠,1323,永裕
傳產,塑膠,1324,地球
傳產,塑膠,1325,恆大
傳產,塑膠,1326,台化
傳產,塑膠,1337,再生-KY
傳產,塑膠,1340,勝悅-KY
傳產,塑膠,1341,富林-KY
傳產,塑膠,1342,八貫
傳產,塑膠,3171,炎洲流通
傳產,塑膠,4303,信立
傳產,塑膠,4304,勝昱
傳產,塑膠,4305,世坤
傳產,塑膠,4306,炎洲
傳產,塑膠,5452,佶優
傳產,塑膠,6151,晉倫
傳產,塑膠,6505,台塑化
傳產,塑膠,6585,鼎基
傳產,塑膠,8354,冠好
傳產,塑膠,8935,邦泰
傳產,塑膠,8942,森鉅
傳產,塑膠,9939,宏全
傳產,塑膠,9950,萬國通
傳產,文創娛樂,2496,卓越
傳產,文創娛樂,2926,誠品生活
傳產,文創娛樂,4806,桂田文創
傳產,文創娛樂,6101,寬魚國際
傳產,文創娛樂,6294,智基
傳產,文創娛樂,6596,寬宏藝術
傳產,文創娛樂,6625,必應
傳產,文創娛樂,6856,鑫傳
傳產,文創娛樂,8446,華研
傳產,文創娛樂,8450,霹靂
傳產,文創娛樂,8489,三貝德
傳產,文創娛樂,8923,時報
傳產,橡膠,2101,南港
傳產,橡膠,2102,泰豐
傳產,橡膠,2103,台橡
傳產,橡膠,2104,國際中橡
傳產,橡膠,2105,正新
傳產,橡膠,2106,建大
傳產,橡膠,2107,厚生
傳產,橡膠,2108,南帝
傳產,橡膠,2109,華豐
傳產,橡膠,2114,鑫永銓
傳產,橡膠,6582,申豐
傳產,橡膠,8423,保綠-KY
傳產,水泥,1101,台泥
傳產,水泥,1102,亞泥
傳產,水泥,1103,嘉泥
傳產,水泥,1104,環泥
傳產,水泥,1108,幸福
傳產,水泥,1109,信大
傳產,水泥,1110,東泥
傳產,水泥,8463,潤泰材
傳產,水泥,8936,國統
傳產,汽車,1587,吉茂
傳產,汽車,2201,裕隆
傳產,汽車,2204,中華
傳產,汽車,2206,三陽工業
傳產,汽車,2207,和泰車
傳產,汽車,2227,裕日車
傳產,汽車,2247,汎德永業
傳產,汽車,2254,巨鎧精密-創
傳產,汽車,2258,鴻華先進-創
傳產,汽車,8937,合騏*
傳產,汽車零組件,1319,東陽
傳產,汽車零組件,1338,廣華-KY
傳產,汽車零組件,1339,昭輝
傳產,汽車零組件,1506,正道
傳產,汽車零組件,1512,瑞利
傳產,汽車零組件,1521,大億
傳產,汽車零組件,1522,堤維西
傳產,汽車零組件,1524,耿鼎
傳產,汽車零組件,1525,江申
傳產,汽車零組件,1533,車王電
傳產,汽車零組件,1536,和大
傳產,汽車零組件,1537,廣隆
傳產,汽車零組件,1563,巧新
傳產,汽車零組件,1568,倉佑
傳產,汽車零組件,1586,和勤
傳產,汽車零組件,1599,宏佳騰
傳產,汽車零組件,2066,世德
傳產,汽車零組件,2115,六暉-KY
傳產,汽車零組件,2228,劍麟
傳產,汽車零組件,2231,為升
傳產,汽車零組件,2233,宇隆
傳產,汽車零組件,2235,謚源
傳產,汽車零組件,2236,百達-KY
傳產,汽車零組件,2239,英利-KY
傳產,汽車零組件,2241,艾姆勒
傳產,汽車零組件,2243,宏旭-KY
傳產,汽車零組件,2248,華勝-KY
傳產,汽車零組件,2250,IKKA-KY
傳產,汽車零組件,2497,怡利電
傳產,汽車零組件,3226,龍鋒
傳產,汽車零組件,3311,閎暉
傳產,汽車零組件,3346,麗清
傳產,汽車零組件,3552,同致
傳產,汽車零組件,4502,健信
傳產,汽車零組件,4523,永彰
傳產,汽車零組件,4528,江興鍛
傳產,汽車零組件,4535,至興
傳產,汽車零組件,4543,萬在
傳產,汽車零組件,4551,智伸科
傳產,汽車零組件,4554,橙的
傳產,汽車零組件,4557,永新-KY
傳產,汽車零組件,4562,穎漢
傳產,汽車零組件,4566,時碩工業
傳產,汽車零組件,4569,六方科-KY
傳產,汽車零組件,4581,光隆精密-KY
傳產,汽車零組件,5276,達輝-KY
傳產,汽車零組件,5288,豐祥-KY
傳產,汽車零組件,6279,胡連
傳產,汽車零組件,6605,帝寶
傳產,汽車零組件,6988,威力暘-創
傳產,汽車零組件,7732,金興精密
傳產,汽車零組件,7736,虎山
傳產,汽車零組件,8107,大億金茂
傳產,汽車零組件,8255,朋程
傳產,汽車零組件,9110,越南控-DR
傳產,汽車零組件,9942,茂順
傳產,汽車零組件,9951,皇田
傳產,照明,1611,中電
傳產,照明,2491,吉祥全
傳產,照明,4972,湯石照明
傳產,營建,1316,上曜
傳產,營建,1436,華友聯
傳產,營建,1438,三地開發
傳產,營建,1439,雋揚
傳產,營建,1442,名軒
傳產,營建,1453,大將
傳產,營建,1456,怡華
傳產,營建,1472,三洋實業
傳產,營建,1805,寶徠
傳產,營建,1808,潤隆
傳產,營建,2442,新美齊
傳產,營建,2501,國建
傳產,營建,2504,國產
傳產,營建,2505,國揚
傳產,營建,2506,太設
傳產,營建,2509,全坤建
傳產,營建,2511,太子
傳產,營建,2514,龍邦
傳產,營建,2515,中工
傳產,營建,2516,新建
傳產,營建,2520,冠德
傳產,營建,2524,京城
傳產,營建,2527,宏璟
傳產,營建,2528,皇普
傳產,營建,2530,華建
傳產,營建,2534,宏盛
傳產,營建,2535,達欣工
傳產,營建,2536,宏普
傳產,營建,2537,聯上發
傳產,營建,2538,基泰
傳產,營建,2539,櫻花建
傳產,營建,2540,愛山林
傳產,營建,2542,興富發
傳產,營建,2543,皇昌
傳產,營建,2545,皇翔
傳產,營建,2546,根基
傳產,營建,2547,日勝生
傳產,營建,2548,華固
傳產,營建,2596,綠意
傳產,營建,2597,潤弘
傳產,營建,2718,全心投控
傳產,營建,2923,鼎固-KY
傳產,營建,3052,夆典
傳產,營建,3056,富華新
傳產,營建,3188,鑫龍騰
傳產,營建,3266,昇陽
傳產,營建,3313,斐成
傳產,營建,3489,森寶
傳產,營建,3512,皇龍
傳產,營建,3521,台鋼建設
傳產,營建,3703,欣陸
傳產,營建,4113,聯上
傳產,營建,4416,三圓
傳產,營建,4907,富宇
傳產,營建,5206,坤悅
傳產,營建,5213,亞昕
傳產,營建,5324,士開
傳產,營建,5455,昇益
傳產,營建,5508,永信建
傳產,營建,5511,德昌
傳產,營建,5512,力麒
傳產,營建,5514,三豐
傳產,營建,5515,建國
傳產,營建,5516,雙喜
傳產,營建,5519,隆大
傳產,營建,5520,力泰
傳產,營建,5521,工信
傳產,營建,5522,遠雄
傳產,營建,5523,豐謙
傳產,營建,5525,順天
傳產,營建,5529,鉅陞
傳產,營建,5531,鄉林
傳產,營建,5533,皇鼎
傳產,營建,5534,長虹
傳產,營建,5546,永固-KY
傳產,營建,5547,久舜
傳產,營建,5548,安倉
傳產,營建,6171,大城地產
傳產,營建,6177,達麗
傳產,營建,6186,新潤
傳產,營建,6198,瑞築
傳產,營建,6212,理銘
傳產,營建,6219,富旺
傳產,營建,6264,富裔
傳產,營建,8080,泰霖
傳產,營建,8424,惠普
傳產,營建,9906,欣巴巴
傳產,營建,9945,潤泰新
傳產,營建,9946,三發地產
傳產,玻璃陶瓷,1802,台玻
傳產,玻璃陶瓷,1806,冠軍
傳產,玻璃陶瓷,1809,中釉
傳產,玻璃陶瓷,1810,和成
傳產,玻璃陶瓷,1817,凱撒衛
傳產,生技,1295,生合
傳產,生技,1565,精華
傳產,生技,1707,葡萄王
傳產,生技,1720,生達
傳產,生技,1731,美吾華
傳產,生技,1733,五鼎
傳產,生技,1734,杏輝
傳產,生技,1752,南光
傳產,生技,1760,寶齡富錦
傳產,生技,1762,中化生
傳產,生技,1777,生泰
傳產,生技,1781,合世
傳產,生技,1783,和康生
傳產,生技,1784,訊聯
傳產,生技,1786,科妍
傳產,生技,1788,杏昌
傳產,生技,1789,神隆
傳產,生技,1795,美時
傳產,生技,1796,金穎生技
傳產,生技,1799,易威
傳產,生技,1813,寶利徠
傳產,生技,3118,進階
傳產,生技,3164,景岳
傳產,生技,3176,基亞
傳產,生技,3205,佰研
傳產,生技,3218,大學光
傳產,生技,3373,熱映
傳產,生技,3555,博士旺
傳產,生技,3705,永信
傳產,生技,3716,中化控股
傳產,生技,4102,永日
傳產,生技,4104,佳醫
傳產,生技,4105,東洋
傳產,生技,4106,雃博
傳產,生技,4107,邦特
傳產,生技,4108,懷特
傳產,生技,4109,加捷生醫
傳產,生技,4111,濟生
傳產,生技,4114,健喬
傳產,生技,4116,明基醫
傳產,生技,4119,旭富
傳產,生技,4120,友華
傳產,生技,4121,優盛
傳產,生技,4123,晟德
傳產,生技,4126,太醫
傳產,生技,4127,天良
傳產,生技,4128,中天
傳產,生技,4129,聯合
傳產,生技,4130,健亞
傳產,生技,4131,浩泰
傳產,生技,4133,亞諾法
傳產,生技,4137,麗豐-KY
傳產,生技,4138,曜亞
傳產,生技,4139,馬光-KY
傳產,生技,4142,國光生
傳產,生技,4147,中裕
傳產,生技,4148,全宇生技-KY
傳產,生技,4153,鈺緯
傳產,生技,4155,訊映
傳產,生技,4157,太景*-KY
傳產,生技,4160,訊聯基因
傳產,生技,4161,聿新科
傳產,生技,4162,智擎
傳產,生技,4163,鐿鈦
傳產,生技,4164,承業醫
傳產,生技,4166,友霖
傳產,生技,4167,松瑞藥
傳產,生技,4168,醣聯
傳產,生技,4169,泰宗
傳產,生技,4171,瑞基
傳產,生技,4173,久裕
傳產,生技,4174,浩鼎
傳產,生技,4175,杏一
傳產,生技,4178,永笙-KY
傳產,生技,4183,福永生技
傳產,生技,4188,安克
傳產,生技,4190,佐登-KY
傳產,生技,4192,杏國
傳產,生技,4195,基米-創
傳產,生技,4198,欣大健康
傳產,生技,4726,永昕
傳產,生技,4728,雙美
傳產,生技,4735,豪展
傳產,生技,4736,泰博
傳產,生技,4737,華廣
傳產,生技,4743,合一
傳產,生技,4744,皇將
傳產,生技,4745,合富-KY
傳產,生技,4746,台耀
傳產,生技,4747,強生
傳產,生技,4771,望隼
傳產,生技,4905,台聯電
傳產,生技,4911,德英
傳產,生技,5312,寶島科
傳產,生技,5398,慕康生醫
傳產,生技,6130,上亞科技
傳產,生技,6242,立康
傳產,生技,6446,藥華藥
傳產,生技,6461,益得
傳產,生技,6469,大樹
傳產,生技,6472,保瑞
傳產,生技,6491,晶碩
傳產,生技,6492,生華科
傳產,生技,6496,科懋
傳產,生技,6499,益安
傳產,生技,6504,南六
傳產,生技,6508,惠光
傳產,生技,6523,達爾膚
傳產,生技,6527,明達醫
傳產,生技,6534,正瀚-創
傳產,生技,6535,順藥
傳產,生技,6541,泰福-KY
傳產,生技,6547,高端疫苗
傳產,生技,6550,北極星藥業-KY
傳產,生技,6569,醫揚
傳產,生技,6574,霈方
傳產,生技,6576,逸達
傳產,生技,6589,台康生技
傳產,生技,6598,ABC-KY
傳產,生技,6612,奈米醫材
傳產,生技,6615,慧智
傳產,生技,6617,共信-KY
傳產,生技,6620,漢達
傳產,生技,6637,醫影
傳產,生技,6645,金萬林-創
傳產,生技,6649,台生材
傳產,生技,6657,華安
傳產,生技,6661,威健生技
傳產,生技,6662,樂斯科
傳產,生技,6666,羅麗芬-KY
傳產,生技,6703,軒郁
傳產,生技,6712,長聖
傳產,生技,6730,常廣
傳產,生技,6733,博晟生醫
傳產,生技,6762,達亞
傳產,生技,6767,台微醫
傳產,生技,6782,視陽
傳產,生技,6785,昱展新藥
傳產,生技,6794,向榮生技
傳產,生技,6796,晉弘
傳產,生技,6838,台新藥
傳產,生技,6844,諾貝兒
傳產,生技,6846,綠茵
傳產,生技,6861,睿生光電
傳產,生技,6872,浩宇生醫
傳產,生技,6875,國邑*
傳產,生技,6885,全福生技
傳產,生技,6901,鑽石投資
傳產,生技,6918,愛派司
傳產,生技,6919,康霈*
傳產,生技,6929,佑全
傳產,生技,6931,青松健康
傳產,生技,6934,心誠鎂
傳產,生技,6936,永鴻生技
傳產,生技,6949,沛爾生醫-創
傳產,生技,6955,邦睿生技-創
傳產,生技,7713,威力德生醫
傳產,生技,7780,大研生醫*
傳產,生技,7799,禾榮科
傳產,生技,7803,雲象科技-創
傳產,生技,7827,漢康-KY創
傳產,生技,8279,生展
傳產,生技,8403,盛弘
傳產,生技,8409,商之器
傳產,生技,8432,東生華
傳產,生技,8436,大江
傳產,百貨,2901,欣欣
傳產,百貨,2903,遠百
傳產,百貨,2905,三商
傳產,百貨,2906,高林
傳產,百貨,2908,特力
傳產,百貨,2910,統領
傳產,百貨,2911,麗嬰房
傳產,百貨,2912,統一超
傳產,百貨,2913,農林
傳產,百貨,2915,潤泰全
傳產,百貨,2916,滿心
傳產,百貨,2924,宏太-KY
傳產,百貨,2929,淘帝-KY
傳產,百貨,2939,永邑-KY
傳產,百貨,2945,三商家購
傳產,百貨,2947,振宇五金
傳產,百貨,4807,日成-KY
傳產,百貨,5902,德記
傳產,百貨,5903,全家
傳產,百貨,5904,寶雅
傳產,百貨,5906,台南-KY
傳產,百貨,5907,大洋-KY
傳產,百貨,6195,詩肯
傳產,百貨,7782,光速火箭
傳產,百貨,8066,來思達
傳產,百貨,8429,金麗-KY
傳產,百貨,8433,弘帆
傳產,百貨,8443,阿瘦
傳產,百貨,8454,富邦媒
傳產,紙業,1903,士紙
傳產,紙業,1904,正隆
傳產,紙業,1905,華紙
傳產,紙業,1906,寶隆
傳產,紙業,1907,永豐餘
傳產,紙業,1909,榮成
傳產,紙業,6790,永豐實
傳產,紡織纖維,1402,遠東新
傳產,紡織纖維,1409,新纖
傳產,紡織纖維,1410,南染
傳產,紡織纖維,1413,宏洲
傳產,紡織纖維,1414,東和
傳產,紡織纖維,1417,嘉裕
傳產,紡織纖維,1418,東華
傳產,紡織纖維,1419,新紡
傳產,紡織纖維,1423,利華
傳產,紡織纖維,1434,福懋
傳產,紡織纖維,1440,南紡
傳產,紡織纖維,1441,大東
傳產,紡織纖維,1444,力麗
傳產,紡織纖維,1445,大宇
傳產,紡織纖維,1446,宏和
傳產,紡織纖維,1447,力鵬
傳產,紡織纖維,1449,佳和
傳產,紡織纖維,1451,年興
傳產,紡織纖維,1452,宏益
傳產,紡織纖維,1454,台富
傳產,紡織纖維,1455,集盛
傳產,紡織纖維,1457,宜進
傳產,紡織纖維,1459,聯發
傳產,紡織纖維,1460,宏遠
傳產,紡織纖維,1463,強盛新
傳產,紡織纖維,1464,得力
傳產,紡織纖維,1465,偉全
傳產,紡織纖維,1466,聚隆
傳產,紡織纖維,1467,南緯
傳產,紡織纖維,1468,昶和
傳產,紡織纖維,1470,大統新創
傳產,紡織纖維,1473,台南
傳產,紡織纖維,1474,弘裕
傳產,紡織纖維,1475,業旺
傳產,紡織纖維,1476,儒鴻
傳產,紡織纖維,1477,聚陽
傳產,紡織纖維,4401,東隆興
傳產,紡織纖維,4402,郡都開發
傳產,紡織纖維,4406,新昕纖
傳產,紡織纖維,4413,飛寶企業
傳產,紡織纖維,4414,如興
傳產,紡織纖維,4417,金洲
傳產,紡織纖維,4420,光明
傳產,紡織纖維,4426,利勤
傳產,紡織纖維,4432,銘旺實
傳產,紡織纖維,4433,興采
傳產,紡織纖維,4438,廣越
傳產,紡織纖維,4439,冠星-KY
傳產,紡織纖維,4440,宜新實業
傳產,紡織纖維,4441,振大環球
傳產,紡織纖維,4442,竣邦-KY
傳產,紡織纖維,6506,雙邦
傳產,紡織纖維,8404,百和興業-KY
傳產,紡織纖維,8916,光隆
傳產,紡織纖維,9938,百和
傳產,綠能環保,2072,世紀風電
傳產,綠能環保,3073,天方能源
傳產,綠能環保,3708,上緯投控
傳產,綠能環保,3712,永崴投控
傳產,綠能環保,4582,聚恆-創
傳產,綠能環保,4924,欣厚-KY
傳產,綠能環保,6581,鋼聯
傳產,綠能環保,6624,萬年清
傳產,綠能環保,6641,基士德-KY
傳產,綠能環保,6771,平和環保-創
傳產,綠能環保,6803,崑鼎
傳產,綠能環保,6944,兆聯實業
傳產,綠能環保,6951,青新-創
傳產,綠能環保,6971,惠民實業
傳產,綠能環保,7740,熙特爾-創
傳產,綠能環保,7786,東方風能
傳產,綠能環保,7820,立盈
傳產,綠能環保,7842,天能綠電
傳產,綠能環保,8341,日友
傳產,綠能環保,8390,金益鼎
傳產,綠能環保,8422,可寧衛*
傳產,綠能環保,8438,昶昕
傳產,綠能環保,8440,綠電
傳產,綠能環保,8473,山林水
傳產,綠能環保,8476,台境*
傳產,綠能環保,9955,佳龍
傳產,自行車,3162,精確
傳產,自行車,5306,桂盟
傳產,自行車,6804,明係
傳產,自行車,8933,愛地雅
傳產,自行車,9914,美利達
傳產,自行車,9921,巨大
傳產,航運,1443,立益物流
傳產,航運,2208,台船
傳產,航運,2601,益航
傳產,航運,2603,長榮
傳產,航運,2605,新興
傳產,航運,2606,裕民
傳產,航運,2607,榮運
傳產,航運,2608,嘉里大榮
傳產,航運,2609,陽明
傳產,航運,2610,華航
傳產,航運,2611,志信
傳產,航運,2612,中航
傳產,航運,2613,中櫃
傳產,航運,2615,萬海
傳產,航運,2617,台航
傳產,航運,2618,長榮航
傳產,航運,2630,亞航
傳產,航運,2633,台灣高鐵
傳產,航運,2634,漢翔
傳產,航運,2636,台驊控股
傳產,航運,2637,慧洋-KY
傳產,航運,2641,正德
傳產,航運,2642,宅配通
傳產,航運,2643,捷迅
傳產,航運,2646,星宇航空
傳產,航運,2904,匯僑
傳產,航運,3004,豐達科
傳產,航運,4541,晟田
傳產,航運,5601,台聯櫃
傳產,航運,5603,陸海
傳產,航運,5607,遠雄港
傳產,航運,5608,四維航
傳產,航運,5609,中菲行
傳產,航運,6753,龍德造船
傳產,航運,6757,台灣虎航
傳產,航運,7716,昱臺國際
傳產,航運,8367,建新國際
傳產,觀光,1259,安心
傳產,觀光,1268,漢來美食
傳產,觀光,2701,萬企
傳產,觀光,2702,華園
傳產,觀光,2704,國賓
傳產,觀光,2705,六福
傳產,觀光,2706,第一店
傳產,觀光,2707,晶華
傳產,觀光,2712,遠雄來
傳產,觀光,2719,燦星旅
傳產,觀光,2722,夏都
傳產,觀光,2723,美食-KY
傳產,觀光,2726,雅茗-KY
傳產,觀光,2727,王品
傳產,觀光,2729,瓦城
傳產,觀光,2731,雄獅
傳產,觀光,2732,六角
傳產,觀光,2734,易飛網
傳產,觀光,2736,富野
傳產,觀光,2739,寒舍
傳產,觀光,2740,華軒
傳產,觀光,2743,山富
傳產,觀光,2745,五福
傳產,觀光,2748,雲品
傳產,觀光,2752,豆府
傳產,觀光,2753,八方雲集
傳產,觀光,2754,亞洲藏壽司
傳產,觀光,2755,揚秦
傳產,觀光,2756,聯發國際
傳產,觀光,3252,海灣
傳產,觀光,3522,御嵿
傳產,觀光,4419,皇家美食
傳產,觀光,4530,宏易
傳產,觀光,4804,大略-KY
傳產,觀光,5301,寶得利
傳產,觀光,5364,力麗店
傳產,觀光,5701,劍湖山
傳產,觀光,5703,亞都
傳產,觀光,5704,老爺知
傳產,觀光,5706,鳳凰
傳產,觀光,5905,南仁湖
傳產,觀光,6961,旅天下
傳產,觀光,7705,三商餐飲
傳產,觀光,7708,全家餐飲
傳產,觀光,7723,築間
傳產,觀光,7757,金色三麥
傳產,觀光,7760,享溫馨
傳產,觀光,8077,洛碁
傳產,觀光,8940,新天地
傳產,觀光,9943,好樂迪
傳產,運動休閒,1432,大魯閣
傳產,運動休閒,1515,力山
傳產,運動休閒,1517,利奇
傳產,運動休閒,1593,祺驊
傳產,運動休閒,1598,岱宇
傳產,運動休閒,1736,喬山
傳產,運動休閒,2762,世界健身-KY
傳產,運動休閒,4536,拓凱
傳產,運動休閒,5348,正能量智能
傳產,運動休閒,7811,民盛
傳產,運動休閒,8462,柏文
傳產,鋼鐵,1532,勤美
傳產,鋼鐵,1584,精剛
傳產,鋼鐵,2002,中鋼
傳產,鋼鐵,2006,東和鋼鐵
傳產,鋼鐵,2007,燁興
傳產,鋼鐵,2008,高興昌
傳產,鋼鐵,2009,第一銅
傳產,鋼鐵,2010,春源
傳產,鋼鐵,2012,春雨
傳產,鋼鐵,2013,中鋼構
傳產,鋼鐵,2014,中鴻
傳產,鋼鐵,2015,豐興
傳產,鋼鐵,2017,官田鋼
傳產,鋼鐵,2020,美亞
傳產,鋼鐵,2022,聚亨
傳產,鋼鐵,2023,燁輝
傳產,鋼鐵,2024,志聯
傳產,鋼鐵,2025,千興
傳產,鋼鐵,2027,大成鋼
傳產,鋼鐵,2028,威致
傳產,鋼鐵,2029,盛餘
傳產,鋼鐵,2030,彰源
傳產,鋼鐵,2031,新光鋼
傳產,鋼鐵,2032,新鋼
傳產,鋼鐵,2033,佳大
傳產,鋼鐵,2034,允強
傳產,鋼鐵,2035,唐榮
傳產,鋼鐵,2038,海光
傳產,鋼鐵,2063,世鎧
傳產,鋼鐵,2064,晉椿
傳產,鋼鐵,2065,世豐
傳產,鋼鐵,2069,運錩
傳產,鋼鐵,2211,長榮鋼
傳產,鋼鐵,2221,大甲
傳產,鋼鐵,4950,金耘國際
傳產,鋼鐵,5007,三星
傳產,鋼鐵,5009,榮剛
傳產,鋼鐵,5011,久陽
傳產,鋼鐵,5013,強新
傳產,鋼鐵,5014,建錩
傳產,鋼鐵,5015,華祺
傳產,鋼鐵,5016,松和
傳產,鋼鐵,5538,東明-KY
傳產,鋼鐵,5543,桓鼎-KY
傳產,鋼鐵,6248,沛波
傳產,鋼鐵,7610,聯友金屬-創
傳產,鋼鐵,8349,恒耀
傳產,鋼鐵,8415,大國鋼
傳產,鋼鐵,8930,青鋼
傳產,鋼鐵,911622,泰聚亨-DR
傳產,鋼鐵,9907,統一實
傳產,鋼鐵,9927,泰銘
傳產,鋼鐵,9958,世紀鋼
傳產,鋼鐵,9962,有益
傳產,電機,1503,士電
傳產,電機,1504,東元
傳產,電機,1513,中興電
傳產,電機,1514,亞力
傳產,電機,1519,華城
傳產,電機,1526,日馳
傳產,電機,1527,鑽全
傳產,電機,1528,恩德
傳產,電機,1529,樂事綠能
傳產,電機,1530,亞崴
傳產,電機,1531,高林股
傳產,電機,1535,中宇
傳產,電機,1538,正峰
傳產,電機,1539,巨庭
傳產,電機,1540,喬福
傳產,電機,1541,錩泰
傳產,電機,1558,伸興
傳產,電機,1570,力肯
傳產,電機,1580,新麥
傳產,電機,1583,程泰
傳產,電機,1589,永冠-KY
傳產,電機,1590,亞德客-KY
傳產,電機,1591,駿吉-KY
傳產,電機,1597,直得
傳產,電機,2049,上銀
傳產,電機,2067,嘉鋼
傳產,電機,2070,精湛
傳產,電機,2371,大同
傳產,電機,2645,長榮航太
傳產,電機,3018,隆銘綠能
傳產,電機,3167,大量
傳產,電機,3379,彬台
傳產,電機,3426,台興
傳產,電機,3685,元創精密
傳產,電機,4506,崇友
傳產,電機,4510,高鋒
傳產,電機,4513,福裕
傳產,電機,4526,東台
傳產,電機,4527,方土霖
傳產,電機,4532,瑞智
傳產,電機,4533,協易機
傳產,電機,4534,慶騰
傳產,電機,4538,大詠城
傳產,電機,4540,全球傳動
傳產,電機,4549,桓達
傳產,電機,4550,長佳
傳產,電機,4552,力達-KY
傳產,電機,4555,氣立
傳產,電機,4560,強信-KY
傳產,電機,4561,健椿
傳產,電機,4563,百德
傳產,電機,4568,科際精密
傳產,電機,4571,鈞興-KY
傳產,電機,4572,駐龍
傳產,電機,4576,大銀微系統
傳產,電機,4580,捷流閥業
傳產,電機,4583,台灣精銳
傳產,電機,4590,富田-創
傳產,電機,4609,唐鋒
傳產,電機,5283,禾聯碩
傳產,電機,5381,光譜
傳產,電機,6125,廣運
傳產,電機,6603,富強鑫
傳產,電機,6606,建德工業
傳產,電機,6609,瀧澤科
傳產,電機,6728,上洋
傳產,電機,6843,進典
傳產,電機,6982,大井泵浦
傳產,電機,7642,昶瑞機電
傳產,電機,7709,榮田
傳產,電機,7718,友鋮
傳產,電機,7750,新代
傳產,電機,7788,松川精密
傳產,電機,8027,鈦昇
傳產,電機,8374,羅昇
傳產,電機,8455,大拓-KY
傳產,電機,8996,高力
傳產,電線電纜,1603,華電
傳產,電線電纜,1605,華新
傳產,電線電纜,1608,華榮
傳產,電線電纜,1609,大亞
傳產,電線電纜,1612,宏泰
傳產,電線電纜,1615,大山
傳產,電線電纜,1616,億泰
傳產,電線電纜,1617,榮星
傳產,電線電纜,1618,合機
傳產,電線電纜,1623,大東電
傳產,電線電纜,2061,風青
傳產,電線電纜,2073,雄順
傳產,電線電纜,4903,聯光通
傳產,電線電纜,6190,萬泰科
傳產,食品,1201,味全
傳產,食品,1203,味王
傳產,食品,1210,大成
傳產,食品,1213,大飲
傳產,食品,1215,卜蜂
傳產,食品,1216,統一
傳產,食品,1217,愛之味
傳產,食品,1218,泰山
傳產,食品,1219,福壽
傳產,食品,1220,台榮
傳產,食品,1225,福懋油
傳產,食品,1227,佳格
傳產,食品,1229,聯華
傳產,食品,1231,聯華食
傳產,食品,1232,大統益
傳產,食品,1233,天仁
傳產,食品,1234,黑松
傳產,食品,1235,興泰
傳產,食品,1236,宏亞
傳產,食品,1240,茂生農經
傳產,食品,1256,鮮活果汁-KY
傳產,食品,1264,德麥
傳產,食品,1294,漢田生技
傳產,食品,1702,南僑
傳產,食品,1737,臺鹽
傳產,食品,2751,王座
傳產,食品,3054,立萬利
傳產,食品,4205,中華食
傳產,食品,4207,環泰
傳產,食品,6952,大武山
傳產,食品,7743,金利食安
傳產,食品,7791,皇家可口
傳產,食品,8905,裕國
傳產,食品,910322,康師傅-DR
傳產,高爾夫球,6670,復盛應用
傳產,高爾夫球,8924,大田
傳產,高爾夫球,8928,鉅明
傳產,高爾夫球,8938,明安
傳產,高爾夫球,9960,邁達康
軟體,其他,2949,欣新網
軟體,其他,3085,新零售
軟體,其他,3130,一零四
軟體,其他,3687,歐買尬
軟體,其他,5202,力新
軟體,其他,5211,蒙恬
軟體,其他,5263,智崴
軟體,其他,5278,尚凡*
軟體,其他,5287,數字
軟體,其他,5321,美而快
軟體,其他,6165,浪凡
軟體,其他,6183,關貿
軟體,其他,6741,91APP*-KY
軟體,其他,6865,偉康科技
軟體,其他,6997,博弘
軟體,其他,7714,創泓科技
軟體,其他,7722,LINEPAY
軟體,其他,7738,東聯互動
軟體,其他,8044,網家
軟體,其他,8272,全景軟體
軟體,其他,8472,夠麻吉
軟體,其他,8477,創業家
軟體,系統整合,1416,廣豐
軟體,系統整合,2427,三商電
軟體,系統整合,2453,凌群
軟體,系統整合,2468,華經
軟體,系統整合,2471,資通
軟體,系統整合,2480,敦陽科
軟體,系統整合,3029,零壹
軟體,系統整合,3147,大綜
軟體,系統整合,3158,嘉實
軟體,系統整合,3570,大塚
軟體,系統整合,3632,研勤
軟體,系統整合,4953,緯軟
軟體,系統整合,5201,凱衛
軟體,系統整合,5203,訊連
軟體,系統整合,5209,新鼎
軟體,系統整合,5210,寶碩
軟體,系統整合,5212,凌網
軟體,系統整合,5310,天剛
軟體,系統整合,5403,中菲
軟體,系統整合,6112,邁達特
軟體,系統整合,6123,上奇
軟體,系統整合,6140,訊達
軟體,系統整合,6148,驊宏資
軟體,系統整合,6163,華電網
軟體,系統整合,6214,精誠
軟體,系統整合,6218,豪勉
軟體,系統整合,6221,晉泰
軟體,系統整合,6236,中湛
軟體,系統整合,6240,松崗
軟體,系統整合,6516,勤崴國際
軟體,系統整合,6590,普鴻
軟體,系統整合,6593,台灣銘板
軟體,系統整合,6614,資拓宏宇
軟體,系統整合,6689,伊雲谷
軟體,系統整合,6690,安碁資訊
軟體,系統整合,6697,東捷資訊
軟體,系統整合,6751,智聯服務
軟體,系統整合,6752,叡揚
軟體,系統整合,6763,綠界科技*
軟體,系統整合,6791,虎門科技
軟體,系統整合,6811,宏碁資訊
軟體,系統整合,6841,長佳智能
軟體,系統整合,6870,騰雲
軟體,系統整合,6874,倍力
軟體,系統整合,6902,GOGOLOOK
軟體,系統整合,6906,現觀科
軟體,系統整合,6910,德鴻
軟體,系統整合,6925,意藍
軟體,系統整合,7547,碩網
軟體,系統整合,7721,微程式
軟體,系統整合,7747,昕奇雲端
軟體,系統整合,7765,中華資安
軟體,系統整合,7767,仁大資訊
軟體,系統整合,7819,精誠金融
軟體,系統整合,7823,奧義賽博-KY創
軟體,系統整合,8099,大世科
軟體,系統整合,8284,三竹
軟體,系統整合,8416,實威
軟體,系統整合,8932,智通*
軟體,遊戲,3064,泰偉
軟體,遊戲,3083,網龍
軟體,遊戲,3086,華義*
軟體,遊戲,3293,鈊象
軟體,遊戲,3546,宇峻
軟體,遊戲,4946,辣椒
軟體,遊戲,4994,傳奇
軟體,遊戲,5478,智冠
軟體,遊戲,6111,光聚晶電
軟體,遊戲,6169,昱泉
軟體,遊戲,6180,橘子
軟體,遊戲,6482,弘煜科
軟體,遊戲,6542,隆中
軟體,遊戲,7584,樂意
金融,保險,2816,旺旺保
金融,保險,2832,台產
金融,保險,2850,新產
金融,保險,2851,中再保
金融,保險,2852,第一保
金融,保險,2867,三商壽
金融,保險,5878,台名
金融,保險,6028,公勝保經
金融,證券,2820,華票
金融,證券,2855,統一證
金融,證券,5864,致和證
金融,證券,6005,群益證
金融,證券,6015,宏遠證
金融,證券,6016,康和證
金融,證券,6020,大展證
金融,證券,6021,美好證
金融,證券,6023,元大期
金融,證券,6024,群益期
金融,證券,6026,福邦證
金融,金控,2880,華南金
金融,金控,2881,富邦金
金融,金控,2882,國泰金
金融,金控,2883,凱基金
金融,金控,2884,玉山金
金融,金控,2885,元大金
金融,金控,2886,兆豐金
金融,金控,2887,台新新光金
金融,金控,2889,國票金
金融,金控,2890,永豐金
金融,金控,2891,中信金
金融,金控,2892,第一金
金融,金控,5880,合庫金
金融,銀行,2801,彰銀
金融,銀行,2812,台中銀
金融,銀行,2834,臺企銀
金融,銀行,2836,高雄銀
金融,銀行,2838,聯邦銀
金融,銀行,2845,遠東銀
金融,銀行,2849,安泰銀
金融,銀行,2897,王道銀行
金融,銀行,5876,上海商銀
電子上游,ABF,3037,欣興
電子上游,ABF,3189,景碩
電子上游,ABF,8046,南電
電子上游,DRAM銷售,2451,創見
電子上游,DRAM銷售,3135,凌航
電子上游,DRAM銷售,3260,威剛
電子上游,DRAM銷售,4967,十銓
電子上游,DRAM銷售,5289,宜鼎
電子上游,DRAM銷售,8084,巨虹
電子上游,DRAM銷售,8088,品安
電子上游,DRAM銷售,8271,宇瞻
電子上游,DRAM銷售,8277,商丞
電子上游,IC-DRAM製造,2408,南亞科
電子上游,IC-代工,1560,中砂
電子上游,IC-代工,2303,聯電
電子上游,IC-代工,2330,台積電
電子上游,IC-代工,2342,茂矽
電子上游,IC-代工,3105,穩懋
電子上游,IC-代工,4991,環宇-KY
電子上游,IC-代工,5222,全訊
電子上游,IC-代工,5299,杰力
電子上游,IC-代工,5347,世界
電子上游,IC-代工,6770,力積電
電子上游,IC-代工,8086,宏捷科
電子上游,IC-其他,3289,宜特
電子上游,IC-其他,3467,台灣精材
電子上游,IC-其他,3587,閎康
電子上游,IC-其他,3714,富采
電子上游,IC-其他,6146,耕興
電子上游,IC-其他,6231,系微
電子上游,IC-其他,6425,易發
電子上游,IC-其他,6830,汎銓
電子上游,IC-其他,7728,光焱科技
電子上游,IC-其他,7734,印能科技
電子上游,IC-半導體設備,2338,光罩
電子上游,IC-半導體設備,3131,弘塑
電子上游,IC-半導體設備,3178,公準
電子上游,IC-半導體設備,3413,京鼎
電子上游,IC-半導體設備,3583,辛耘
電子上游,IC-半導體設備,3680,家登
電子上游,IC-半導體設備,5443,均豪
電子上游,IC-半導體設備,6187,萬潤
電子上游,IC-半導體設備,6532,瑞耘
電子上游,IC-半導體設備,6640,均華
電子上游,IC-半導體設備,6683,雍智科技
電子上游,IC-半導體設備,6725,矽科宏晟
電子上游,IC-半導體設備,6788,華景電
電子上游,IC-半導體設備,6823,濾能
電子上游,IC-半導體設備,6909,創控
電子上游,IC-半導體設備,6937,天虹
電子上游,IC-半導體設備,6953,家碩
電子上游,IC-半導體設備,7556,意德士
電子上游,IC-半導體設備,7751,竑騰
電子上游,IC-半導體設備,7769,鴻勁
電子上游,IC-半導體設備,7795,長廣
電子上游,IC-半導體設備,7822,倍利科
電子上游,IC-半導體設備,8028,昇陽半導體
電子上游,IC-半導體設備,8091,翔名
電子上游,IC-封測,2329,華泰
電子上游,IC-封測,2369,菱生
電子上游,IC-封測,2441,超豐
電子上游,IC-封測,2449,京元電子
電子上游,IC-封測,3264,欣銓
電子上游,IC-封測,3265,台星科
電子上游,IC-封測,3372,典範
電子上游,IC-封測,3374,精材
電子上游,IC-封測,3450,聯鈞
電子上游,IC-封測,3567,逸昌
電子上游,IC-封測,3581,博磊
電子上游,IC-封測,3711,日月光投控
電子上游,IC-封測,5344,立衛
電子上游,IC-封測,6147,頎邦
電子上游,IC-封測,6223,旺矽
電子上游,IC-封測,6239,力成
電子上游,IC-封測,6257,矽格
電子上游,IC-封測,6261,久元
電子上游,IC-封測,6271,同欣電
電子上游,IC-封測,6451,訊芯-KY
電子上游,IC-封測,6510,精測
電子上游,IC-封測,6515,穎崴
電子上游,IC-封測,6525,捷敏-KY
電子上游,IC-封測,6552,易華電
電子上游,IC-封測,7810,捷創科技
電子上游,IC-封測,8110,華東
電子上游,IC-封測,8131,福懋科
電子上游,IC-封測,8150,南茂
電子上游,IC-封測,8162,微矽電子-創
電子上游,IC-導線架,2351,順德
電子上游,IC-導線架,2483,百容
電子上游,IC-導線架,2486,一詮
電子上游,IC-導線架,5285,界霖
電子上游,IC-導線架,6548,長科*
電子上游,IC-導線架,8070,長華*
電子上游,IC-製造,2302,麗正
電子上游,IC-製造,2337,旺宏
電子上游,IC-製造,2344,華邦電
電子上游,IC-製造,2434,統懋
電子上游,IC-製造,2481,強茂
電子上游,IC-製造,3150,鈺寶-創
電子上游,IC-製造,3675,德微
電子上游,IC-製造,6573,虹揚-KY
電子上游,IC-製造,7712,博盛半導體
電子上游,IC-設計,2363,矽統
電子上游,IC-設計,2379,瑞昱
電子上游,IC-設計,2388,威盛
電子上游,IC-設計,2401,凌陽
電子上游,IC-設計,2436,偉詮電
電子上游,IC-設計,2454,聯發科
電子上游,IC-設計,2458,義隆
電子上游,IC-設計,3034,聯詠
電子上游,IC-設計,3041,揚智
電子上游,IC-設計,3094,聯傑
電子上游,IC-設計,3122,笙泉
電子上游,IC-設計,3141,晶宏
電子上游,IC-設計,3169,亞信
電子上游,IC-設計,3227,原相
電子上游,IC-設計,3228,金麗科
電子上游,IC-設計,3257,虹冠電
電子上游,IC-設計,3259,鑫創
電子上游,IC-設計,3268,海德威
電子上游,IC-設計,3288,點晶
電子上游,IC-設計,3317,尼克森
電子上游,IC-設計,3438,類比科
電子上游,IC-設計,3527,聚積
電子上游,IC-設計,3530,晶相光
電子上游,IC-設計,3545,敦泰
電子上游,IC-設計,3556,禾瑞亞
電子上游,IC-設計,3588,通嘉
電子上游,IC-設計,3592,瑞鼎
電子上游,IC-設計,4919,新唐
電子上游,IC-設計,4951,精拓科
電子上游,IC-設計,4952,凌通
電子上游,IC-設計,4961,天鈺
電子上游,IC-設計,4966,譜瑞-KY
電子上游,IC-設計,4968,立積
電子上游,IC-設計,4973,廣穎
電子上游,IC-設計,5236,凌陽創新
電子上游,IC-設計,5269,祥碩
電子上游,IC-設計,5272,笙科
電子上游,IC-設計,5274,信驊
電子上游,IC-設計,5302,太欣
電子上游,IC-設計,5468,凱鈺
電子上游,IC-設計,5471,松翰
電子上游,IC-設計,5487,通泰
電子上游,IC-設計,6103,合邦
電子上游,IC-設計,6104,創惟
電子上游,IC-設計,6129,普誠
電子上游,IC-設計,6138,茂達
電子上游,IC-設計,6202,盛群
電子上游,IC-設計,6229,研通
電子上游,IC-設計,6233,旺玖
電子上游,IC-設計,6237,驊訊
電子上游,IC-設計,6243,迅杰
電子上游,IC-設計,6291,沛亨
電子上游,IC-設計,6411,晶焱
電子上游,IC-設計,6415,矽力*-KY
電子上游,IC-設計,6435,大中
電子上游,IC-設計,6462,神盾
電子上游,IC-設計,6485,點序
電子上游,IC-設計,6494,九齊
電子上游,IC-設計,6526,達發
電子上游,IC-設計,6568,宏觀
電子上游,IC-設計,6651,全宇昕
電子上游,IC-設計,6679,鈺太
電子上游,IC-設計,6684,安格
電子上游,IC-設計,6693,廣閎科
電子上游,IC-設計,6695,芯鼎
電子上游,IC-設計,6708,天擎
電子上游,IC-設計,6716,應廣
電子上游,IC-設計,6719,力智
電子上游,IC-設計,6720,久昌
電子上游,IC-設計,6732,昇佳電子
電子上游,IC-設計,6756,威鋒電子
電子上游,IC-設計,6799,來頡
電子上游,IC-設計,6907,雅特力-KY
電子上游,IC-設計,6921,嘉雨思-創
電子上游,IC-設計,6962,奕力-KY
電子上游,IC-設計,7770,君曜
電子上游,IC-設計,8016,矽創
電子上游,IC-設計,8024,佑華
電子上游,IC-設計,8040,九暘
電子上游,IC-設計,8054,安國
電子上游,IC-設計,8081,致新
電子上游,IC-設計,8102,傑霖科技
電子上游,IC-設計,8261,富鼎
電子上游,IC-通路,2347,聯強
電子上游,IC-通路,3010,華立
電子上游,IC-通路,3028,增你強
電子上游,IC-通路,3033,威健
電子上游,IC-通路,3036,文曄
電子上游,IC-通路,3048,益登
電子上游,IC-通路,3209,全科
電子上游,IC-通路,3232,昱捷
電子上游,IC-通路,3312,弘憶股
電子上游,IC-通路,3360,尚立
電子上游,IC-通路,3388,崇越電
電子上游,IC-通路,3444,利機
電子上游,IC-通路,3528,安馳
電子上游,IC-通路,3537,堡達
電子上游,IC-通路,3702,大聯大
電子上游,IC-通路,6113,亞矽
電子上游,IC-通路,6189,豐藝
電子上游,IC-通路,6227,茂綸
電子上游,IC-通路,6259,百徽
電子上游,IC-通路,6265,方土昶
電子上游,IC-通路,6270,倍微
電子上游,IC-通路,6474,華豫寧
電子上游,IC-通路,8032,光菱
電子上游,IC-通路,8068,全達
電子上游,IC-通路,8096,擎亞
電子上游,IC-通路,8112,至上
電子上游,IP/ASIC,3035,智原
電子上游,IP/ASIC,3443,創意
電子上游,IP/ASIC,3529,力旺
電子上游,IP/ASIC,3661,世芯-KY
電子上游,IP/ASIC,6423,億而得
電子上游,IP/ASIC,6533,晶心科
電子上游,IP/ASIC,6643,M31
電子上游,IP/ASIC,7749,意騰-KY
電子上游,IP/ASIC,8227,巨有科技
電子上游,LED及光元件,2340,台亞
電子上游,LED及光元件,2393,億光
電子上游,LED及光元件,2426,鼎元
電子上游,LED及光元件,2429,銘旺科
電子上游,LED及光元件,2438,翔耀
電子上游,LED及光元件,2466,冠西電
電子上游,LED及光元件,3031,佰鴻
電子上游,LED及光元件,3066,李洲
電子上游,LED及光元件,3339,泰谷
電子上游,LED及光元件,3437,榮創
電子上游,LED及光元件,3531,先益
電子上游,LED及光元件,3591,艾笛森
電子上游,LED及光元件,3609,三一東林
電子上游,LED及光元件,3717,聯嘉投控
電子上游,LED及光元件,4956,光鋐
電子上游,LED及光元件,5230,雷笛克光學
電子上游,LED及光元件,5244,弘凱
電子上游,LED及光元件,6164,華興
電子上游,LED及光元件,6168,宏齊
電子上游,LED及光元件,6222,立軒
電子上游,LED及光元件,6226,光鼎
電子上游,LED及光元件,6246,臺龍
電子上游,LED及光元件,6597,立誠
電子上游,LED及光元件,6706,惠特
電子上游,LED及光元件,6789,采鈺
電子上游,LED及光元件,6854,錼創科技-KY創
電子上游,LED及光元件,7717,萊德光電-KY
電子上游,LED及光元件,8111,立碁
電子上游,LED及光元件,911868,同方友友-DR
電子上游,PCB-材料設備,1595,川寶
電子上游,PCB-材料設備,1815,富喬
電子上游,PCB-材料設備,2383,台光電
電子上游,PCB-材料設備,2467,志聖
電子上游,PCB-材料設備,2493,揚博
電子上游,PCB-材料設備,3305,昇貿
電子上游,PCB-材料設備,3455,由田
電子上游,PCB-材料設備,4542,科嶠
電子上游,PCB-材料設備,4577,達航科技
電子上游,PCB-材料設備,4770,上品
電子上游,PCB-材料設備,4989,榮科
電子上游,PCB-材料設備,5234,達興材料
電子上游,PCB-材料設備,5340,建榮
電子上游,PCB-材料設備,5475,德宏
電子上游,PCB-材料設備,5498,凱崴
電子上游,PCB-材料設備,6192,巨路
電子上游,PCB-材料設備,6213,聯茂
電子上游,PCB-材料設備,6217,中探針
電子上游,PCB-材料設備,6234,高僑
電子上游,PCB-材料設備,6266,泰詠
電子上游,PCB-材料設備,6274,台燿
電子上游,PCB-材料設備,6658,聯策
電子上游,PCB-材料設備,6664,群翊
電子上游,PCB-材料設備,6727,亞泰金屬
電子上游,PCB-材料設備,6835,圓裕
電子上游,PCB-材料設備,8021,尖點
電子上游,PCB-材料設備,8074,鉅橡
電子上游,PCB-材料設備,8291,尚茂
電子上游,PCB-材料設備,8358,金居
電子上游,PCB-製造,2313,華通
電子上游,PCB-製造,2316,楠梓電
電子上游,PCB-製造,2355,敬鵬
電子上游,PCB-製造,2367,燿華
電子上游,PCB-製造,2368,金像電
電子上游,PCB-製造,2402,毅嘉
電子上游,PCB-製造,3044,健鼎
電子上游,PCB-製造,3115,富榮綱
電子上游,PCB-製造,3229,晟鈦
電子上游,PCB-製造,3276,宇環
電子上游,PCB-製造,3321,同泰
電子上游,PCB-製造,3354,律勝
電子上游,PCB-製造,3390,旭軟
電子上游,PCB-製造,3631,晟楠
電子上游,PCB-製造,3645,達邁
電子上游,PCB-製造,3715,定穎投控
電子上游,PCB-製造,4909,新復興
電子上游,PCB-製造,4927,泰鼎-KY
電子上游,PCB-製造,4939,亞電
電子上游,PCB-製造,4958,臻鼎-KY
電子上游,PCB-製造,5291,邑昇
電子上游,PCB-製造,5355,佳總
電子上游,PCB-製造,5439,高技
電子上游,PCB-製造,5464,霖宏
電子上游,PCB-製造,5469,瀚宇博
電子上游,PCB-製造,6108,競國
電子上游,PCB-製造,6114,久威
電子上游,PCB-製造,6141,柏承
電子上游,PCB-製造,6153,嘉聯益
電子上游,PCB-製造,6156,松上
電子上游,PCB-製造,6191,精成科
電子上游,PCB-製造,6194,育富
電子上游,PCB-製造,6210,慶生
電子上游,PCB-製造,6269,台郡
電子上游,PCB-製造,6278,台表科
電子上游,PCB-製造,6672,騰輝電子-KY
電子上游,PCB-製造,6924,榮惠-KY創
電子上游,PCB-製造,8039,台虹
電子上游,PCB-製造,8155,博智
電子上游,PCB-製造,8183,精星
電子上游,PCB-製造,8213,志超
電子上游,半導體元件,2455,全新
電子上游,半導體元件,3081,聯亞
電子上游,半導體元件,5434,崇越
電子上游,半導體元件,6208,日揚
電子上游,半導體元件,6829,千附精密
電子上游,晶圓材料,3016,嘉晶
電子上游,晶圓材料,3532,台勝科
電子上游,晶圓材料,3707,漢磊
電子上游,晶圓材料,4971,IET-KY
電子上游,晶圓材料,6182,合晶
電子上游,晶圓材料,6488,環球晶
電子上游,晶圓材料,7768,頌勝科技
電子上游,被動元件,2327,國巨*
電子上游,被動元件,2375,凱美
電子上游,被動元件,2428,興勤
電子上游,被動元件,2472,立隆電
電子上游,被動元件,2478,大毅
電子上游,被動元件,2484,希華
電子上游,被動元件,2492,華新科
電子上游,被動元件,3026,禾伸堂
電子上游,被動元件,3042,晶技
電子上游,被動元件,3090,日電貿
電子上游,被動元件,3152,璟德
電子上游,被動元件,3207,耀勝
電子上游,被動元件,3221,台嘉碩
電子上游,被動元件,3236,千如
電子上游,被動元件,3357,臺慶科
電子上游,被動元件,3363,上詮
電子上游,被動元件,3624,光頡
電子上游,被動元件,4760,勤凱
電子上游,被動元件,4923,力士
電子上游,被動元件,5228,鈺鎧
電子上游,被動元件,6127,九豪
電子上游,被動元件,6155,鈞寶
電子上游,被動元件,6173,信昌電
電子上游,被動元件,6174,安碁
電子上游,被動元件,6175,立敦
電子上游,被動元件,6204,艾華
電子上游,被動元件,6224,聚鼎
電子上游,被動元件,6284,佳邦
電子上游,被動元件,6292,迅德
電子上游,被動元件,6417,韋僑
電子上游,被動元件,6432,今展科
電子上游,被動元件,6449,鈺邦
電子上游,被動元件,6642,富致
電子上游,被動元件,6792,詠業
電子上游,被動元件,6821,聯寶
電子上游,被動元件,6834,天二科技
電子上游,被動元件,6899,創為精密
電子上游,被動元件,8042,金山電
電子上游,被動元件,8043,蜜望實
電子上游,被動元件,8121,越峰
電子上游,被動元件,8182,加高
電子上游,被動元件,8289,泰藝
電子上游,記憶體IC設計,3006,晶豪科
電子上游,記憶體IC設計,3014,聯陽
電子上游,記憶體IC設計,5351,鈺創
電子上游,記憶體IC設計,6531,愛普*
電子上游,記憶體IC設計,8299,群聯
電子上游,連接元件,1336,台翰
電子上游,連接元件,1582,信錦
電子上游,連接元件,2328,廣宇
電子上游,連接元件,2392,正崴
電子上游,連接元件,2440,太空梭
電子上游,連接元件,2460,建通
電子上游,連接元件,2462,良得電
電子上游,連接元件,2476,鉅祥
電子上游,連接元件,3003,健和興
電子上游,連接元件,3011,今皓
電子上游,連接元件,3021,鴻名
電子上游,連接元件,3023,信邦
電子上游,連接元件,3092,鴻碩
電子上游,連接元件,3217,優群
電子上游,連接元件,3290,東浦
電子上游,連接元件,3310,佳穎
電子上游,連接元件,3322,建舜電
電子上游,連接元件,3376,新日興
電子上游,連接元件,3432,台端
電子上游,連接元件,3484,崧騰
電子上游,連接元件,3492,長盛
電子上游,連接元件,3501,維熹
電子上游,連接元件,3511,矽瑪
電子上游,連接元件,3520,華盈
電子上游,連接元件,3526,凡甲
電子上游,連接元件,3533,嘉澤
電子上游,連接元件,3548,兆利
電子上游,連接元件,3597,映興
電子上游,連接元件,3605,宏致
電子上游,連接元件,3646,艾恩特
電子上游,連接元件,3665,貿聯-KY
電子上游,連接元件,3679,新至陞
電子上游,連接元件,3689,湧德
電子上游,連接元件,3710,連展投控
電子上游,連接元件,4545,銘鈺
電子上游,連接元件,4912,聯德控股-KY
電子上游,連接元件,4999,鑫禾
電子上游,連接元件,5457,宣德
電子上游,連接元件,5460,同協
電子上游,連接元件,5488,松普
電子上游,連接元件,6115,鎰勝
電子上游,連接元件,6126,信音
電子上游,連接元件,6133,金橋
電子上游,連接元件,6134,萬旭
電子上游,連接元件,6158,禾昌
電子上游,連接元件,6185,幃翔
電子上游,連接元件,6197,佳必琪
電子上游,連接元件,6205,詮欣
電子上游,連接元件,6220,岳豐
電子上游,連接元件,6272,驊陞
電子上游,連接元件,6290,良維
電子上游,連接元件,6418,詠昇
電子上游,連接元件,6715,嘉基
電子上游,連接元件,6805,富世達
電子上游,連接元件,6913,鴻呈
電子上游,連接元件,8071,能率網通
電子上游,連接元件,8103,瀚荃
電子上游,連接元件,8147,正淩
電子上游,連接元件,8431,匯鑽科
電子下游,其他,2323,中環
電子下游,其他,2349,錸德
電子下游,其他,2359,所羅門
電子下游,其他,3050,鈺德
電子下游,其他,4585,達明
電子下游,其他,4931,新盛力
電子下游,其他,6277,宏正
電子下游,其他,6512,啟發電
電子下游,其他,6855,數泓科
電子下游,其他,6884,海柏特
電子下游,其他,8047,星雲
電子下游,其他,8499,鼎炫-KY
電子下游,商業自動化,2482,連宇
電子下游,商業自動化,5258,虹堡
電子下游,商業自動化,5490,同亨
電子下游,商業自動化,6160,欣技
電子下游,商業自動化,6206,飛捷
電子下游,商業自動化,8076,伍豐
電子下游,商業自動化,8114,振樺電
電子下游,太陽能,2406,國碩
電子下游,太陽能,3027,盛達
電子下游,太陽能,3576,聯合再生
電子下游,太陽能,3686,達能
電子下游,太陽能,3691,碩禾
電子下游,太陽能,3713,新晶投控
電子下游,太陽能,4934,太極
電子下游,太陽能,4949,有成精密
電子下游,太陽能,5432,新門
電子下游,太陽能,5483,中美晶
電子下游,太陽能,6244,茂迪
電子下游,太陽能,6443,元晶
電子下游,太陽能,6477,安集
電子下游,太陽能,6692,進能服
電子下游,太陽能,6806,森崴能源
電子下游,太陽能,6869,雲豹能源
電子下游,太陽能,6873,泓德能源
電子下游,太陽能,8087,麗升能源
電子下游,安全監控,2390,云辰
電子下游,安全監控,3128,昇銳
電子下游,安全監控,3297,杭特
電子下游,安全監控,3356,奇偶
電子下游,安全監控,3434,哲固
電子下游,安全監控,3664,安瑞-KY
電子下游,安全監控,4976,佳凌
電子下游,安全監控,5251,天鉞電
電子下游,安全監控,5484,慧友
電子下游,安全監控,5489,彩富
電子下游,安全監控,6419,京晨科
電子下游,安全監控,6556,勝品
電子下游,安全監控,6560,欣普羅
電子下游,安全監控,6722,輝創
電子下游,安全監控,8072,陞泰
電子下游,安全監控,9917,中保科
電子下游,安全監控,9925,新保
電子下游,工業電腦,2395,研華
電子下游,工業電腦,2397,友通
電子下游,工業電腦,3022,威強電
電子下游,工業電腦,3046,建碁
電子下游,工業電腦,3088,艾訊
電子下游,工業電腦,3416,融程電
電子下游,工業電腦,3479,安勤
電子下游,工業電腦,3564,其陽
電子下游,工業電腦,3577,泓格
電子下游,工業電腦,3594,磐儀
電子下游,工業電腦,3611,鼎翰
電子下游,工業電腦,3652,精聯
電子下游,工業電腦,4916,事欣科
電子下游,工業電腦,6161,捷波
電子下游,工業電腦,6166,凌華
電子下游,工業電腦,6414,樺漢
電子下游,工業電腦,6441,廣錠
電子下游,工業電腦,6570,維田
電子下游,工業電腦,6579,研揚
電子下游,工業電腦,6680,鑫創電子
電子下游,工業電腦,6922,宸曜
電子下游,工業電腦,6928,攸泰科技
電子下游,工業電腦,7821,神數
電子下游,工業電腦,8050,廣積
電子下游,工業電腦,8234,新漢
電子下游,手機製造,2498,宏達電
電子下游,手機製造,6859,伯特光
電子下游,手機製造,8101,華冠
電子下游,掃描器,2305,全友
電子下游,掃描器,2380,虹光
電子下游,掃描器,4974,亞泰
電子下游,掃描器,5425,台半
電子下游,掃描器,6228,全譜
電子下游,掃描器,6863,永道-KY
電子下游,掃描器,9105,泰金寶-DR
電子下游,數位相機,2374,佳能
電子下游,數位相機,3059,華晶科
電子下游,數位相機,6225,天瀚
電子下游,數位相機,8249,菱光
電子下游,消費電子,1604,聲寶
電子下游,消費電子,1614,三洋電
電子下游,消費電子,1626,艾美特-KY
電子下游,消費電子,2439,美律
電子下游,消費電子,2477,美隆電
電子下游,消費電子,2488,漢平
電子下游,消費電子,3024,憶聲
電子下游,消費電子,3040,遠見
電子下游,消費電子,3047,訊舟
電子下游,消費電子,3285,微端
電子下游,消費電子,3465,進泰電子
電子下游,消費電子,3541,西柏
電子下游,消費電子,4930,燦星網
電子下游,消費電子,5225,東科-KY
電子下游,消費電子,6144,得利影
電子下游,消費電子,6201,亞弘電
電子下游,消費電子,6743,安普新
電子下游,消費電子,7794,宏碁智新
電子下游,消費電子,8033,雷虎
電子下游,消費電子,8201,無敵
電子下游,筆記型電腦,2324,仁寶
電子下游,筆記型電腦,2353,宏碁
電子下游,筆記型電腦,2356,英業達
電子下游,筆記型電腦,2357,華碩
電子下游,筆記型電腦,2362,藍天
電子下游,筆記型電腦,2364,倫飛
電子下游,筆記型電腦,2382,廣達
電子下游,筆記型電腦,3005,神基
電子下游,筆記型電腦,3213,茂訊
電子下游,筆記型電腦,3231,緯創
電子下游,資訊通路,2373,震旦行
電子下游,資訊通路,2414,精技
電子下游,資訊通路,2430,燦坤
電子下游,資訊通路,2433,互盛電
電子下游,資訊通路,2450,神腦
電子下游,資訊通路,2937,集雅社
電子下游,資訊通路,3114,好德
電子下游,資訊通路,3447,展達
電子下游,資訊通路,3709,鑫聯大投控
電子下游,資訊通路,5410,國眾
電子下游,資訊通路,6118,建達
電子下游,資訊通路,6136,富爾特
電子下游,資訊通路,6143,振曜
電子下游,資訊通路,6154,順發
電子下游,資訊通路,6170,統振
電子下游,資訊通路,6281,全國電
電子下游,資訊通路,6776,展碁國際
電子下游,資訊通路,8067,志旭
電子下游,資訊通路,910861,神州-DR
電子下游,電信服務,2412,中華電
電子下游,電信服務,3045,台灣大
電子下游,電信服務,4904,遠傳
電子下游,電腦周邊,2365,昆盈
電子下游,電腦周邊,2385,群光
電子下游,電腦周邊,3272,東碩
電子下游,電腦周邊,3287,廣寰科
電子下游,電腦周邊,3349,寶德
電子下游,電腦周邊,3494,誠研
電子下游,電腦周邊,3540,曜越
電子下游,電腦周邊,4915,致伸
電子下游,電腦周邊,5356,協益
電子下游,電腦周邊,5438,東友
電子下游,電腦周邊,6128,上福
電子下游,電腦周邊,6188,廣明
電子下游,電腦周邊,6908,宏碁遊戲-創
電子下游,顯示器,2352,佳世達
電子下游,顯示器,2489,瑞軒
電子下游,顯示器,3168,眾福科
電子下游,顯示器,4503,金雨
電子下游,顯示器,6577,勁豐
電子下游,顯示器,7753,星亞
電子下游,顯示器,9912,偉聯
電子中游,EMS,2312,金寶
電子中游,EMS,2317,鴻海
電子中游,EMS,3701,大眾控
電子中游,EMS,3706,神達
電子中游,EMS,4938,和碩
電子中游,EMS,6669,緯穎
電子中游,EMS,7711,永擎
電子中游,EMS,7744,崴寶
電子中游,LCD-STN面板,3038,全台
電子中游,LCD-STN面板,3149,正達
電子中游,LCD-STN面板,3615,安可
電子中游,LCD-STN面板,3622,洋華
電子中游,LCD-STN面板,3623,富晶通
電子中游,LCD-STN面板,3673,TPK-KY
電子中游,LCD-STN面板,5220,萬達光電
電子中游,LCD-STN面板,5315,光聯
電子中游,LCD-STN面板,6167,久正
電子中游,LCD-STN面板,6456,GIS-KY
電子中游,LCD-STN面板,6916,華凌
電子中游,LCD-STN面板,8049,晶采
電子中游,LCD-STN面板,8105,凌巨
電子中游,LCD-TFT面板,2409,友達
電子中游,LCD-TFT面板,3481,群創
電子中游,LCD-TFT面板,3543,州巧
電子中游,LCD-TFT面板,4749,新應材
電子中游,LCD-TFT面板,4995,晶達
電子中游,LCD-TFT面板,5245,智晶
電子中游,LCD-TFT面板,6116,彩晶
電子中游,LCD-TFT面板,8069,元太
電子中游,LCD-TFT面板,8104,錸寶
電子中游,LCD-零組件,3049,精金
電子中游,LCD-零組件,3051,力特
電子中游,LCD-零組件,3516,亞帝歐
電子中游,LCD-零組件,3523,迎輝
電子中游,LCD-零組件,3666,光耀
電子中游,LCD-零組件,4933,友輝
電子中游,LCD-零組件,4935,茂林-KY
電子中游,LCD-零組件,4960,誠美材
電子中游,LCD-零組件,5371,中光電
電子中游,LCD-零組件,6120,達運
電子中游,LCD-零組件,6176,瑞儀
電子中游,LCD-零組件,6405,悅城
電子中游,LCD-零組件,6996,力領科技
電子中游,LCD-零組件,8085,福華
電子中游,LCD-零組件,8215,明基材
電子中游,LCD-零組件,8240,華宏
電子中游,NB與手機零組件,2387,精元
電子中游,NB與手機零組件,2432,倚天酷碁-創
電子中游,NB與手機零組件,3017,奇鋐
電子中游,NB與手機零組件,3060,銘異
電子中游,NB與手機零組件,3071,協禧
電子中游,NB與手機零組件,3095,及成
電子中游,NB與手機零組件,3323,加百裕
電子中游,NB與手機零組件,3625,西勝
電子中游,NB與手機零組件,5215,科嘉-KY
電子中游,NB與手機零組件,5223,安力-KY
電子中游,NB與手機零組件,6283,淳安
電子中游,NB與手機零組件,8163,達方
電子中游,PC介面卡,2417,圓剛
電子中游,PC介面卡,5474,聰泰
電子中游,PC介面卡,6150,撼訊
電子中游,主機板,2331,精英
電子中游,主機板,2376,技嘉
電子中游,主機板,2377,微星
電子中游,主機板,2399,映泰
電子中游,主機板,2405,輔信
電子中游,主機板,2425,承啟
電子中游,主機板,2465,麗臺
電子中游,主機板,3515,華擎
電子中游,主機板,5386,青雲
電子中游,二次電池,3211,順達
電子中游,二次電池,5227,立凱-KY
電子中游,二次電池,6121,新普
電子中游,二次電池,6781,AES-KY
電子中游,二次電池,8038,長園科
電子中游,儀器設備工程,2360,致茂
電子中游,儀器設備工程,2404,漢唐
電子中游,儀器設備工程,2423,固緯
電子中游,儀器設備工程,2464,盟立
電子中游,儀器設備工程,3030,德律
電子中游,儀器設備工程,3055,蔚華科
電子中游,儀器設備工程,3093,港建*
電子中游,儀器設備工程,3219,倚強科
電子中游,儀器設備工程,3402,漢科
電子中游,儀器設備工程,3485,敘豐
電子中游,儀器設備工程,3490,單井
電子中游,儀器設備工程,3498,陽程
電子中游,儀器設備工程,3535,晶彩科
電子中游,儀器設備工程,3550,聯穎
電子中游,儀器設備工程,3551,世禾
電子中游,儀器設備工程,3563,牧德
電子中游,儀器設備工程,3580,友威科
電子中游,儀器設備工程,5493,三聯
電子中游,儀器設備工程,5536,聖暉*
電子中游,儀器設備工程,6122,擎邦
電子中游,儀器設備工程,6139,亞翔
電子中游,儀器設備工程,6196,帆宣
電子中游,儀器設備工程,6207,雷科
電子中游,儀器設備工程,6215,和椿
電子中游,儀器設備工程,6438,迅得
電子中游,儀器設備工程,6613,朋億*
電子中游,儀器設備工程,6654,天正國際
電子中游,儀器設備工程,6667,信紘科
電子中游,儀器設備工程,6691,洋基工程
電子中游,儀器設備工程,6735,美達科技
電子中游,儀器設備工程,6877,鏵友益
電子中游,儀器設備工程,6903,巨漢
電子中游,儀器設備工程,6983,華洋精機
電子中游,儀器設備工程,7631,聚賢研發-創
電子中游,儀器設備工程,7703,銳澤
電子中游,儀器設備工程,7704,明遠精密
電子中游,儀器設備工程,7730,暉盛-創
電子中游,儀器設備工程,7828,創新服務
電子中游,儀器設備工程,8064,東捷
電子中游,儀器設備工程,8092,建暐
電子中游,儀器設備工程,8421,旭源
電子中游,光學鏡片,3008,大立光
電子中游,光學鏡片,3019,亞光
電子中游,光學鏡片,3362,先進光
電子中游,光學鏡片,3406,玉晶光
電子中游,光學鏡片,3441,聯一光
電子中游,光學鏡片,3504,揚明光
電子中游,光學鏡片,3630,新鉅科
電子中游,光學鏡片,6209,今國光
電子中游,光學鏡片,6431,光麗-KY
電子中游,光學鏡片,6498,久禾光
電子中游,光學鏡片,6517,保勝光學
電子中游,光學鏡片,6668,中揚光
電子中游,光學鏡片,6742,澤米
電子中游,光學鏡片,7402,邑錡
電子中游,光學鏡片,7772,耀穎
電子中游,其他,2459,敦吉
電子中游,其他,2461,光群雷
電子中游,其他,3303,岱稜
電子中游,其他,4588,玖鼎電力
電子中游,其他,4729,熒茂
電子中游,其他,4942,嘉彰
電子中游,其他,5243,乙盛-KY
電子中游,其他,5345,馥鴻
電子中游,其他,6538,倉和
電子中游,其他,6558,興能高
電子中游,其他,6739,竹陞科技
電子中游,其他,6840,東研信超
電子中游,其他,6862,三集瑞-KY
電子中游,其他,6895,宏碩系統
電子中游,其他,6933,AMAX-KY
電子中游,其他,6967,汎瑋材料
電子中游,其他,8083,瑞穎
電子中游,其他,8383,千附
電子中游,其他,8410,森田
電子中游,散熱零組件,2421,建準
電子中游,散熱零組件,3324,雙鴻
電子中游,散熱零組件,3338,泰碩
電子中游,散熱零組件,3483,力致
電子中游,散熱零組件,3653,健策
電子中游,散熱零組件,6124,業強
電子中游,散熱零組件,6230,尼得科超眾
電子中游,散熱零組件,6275,元山
電子中游,散熱零組件,6591,動力-KY
電子中游,散熱零組件,6831,邁科
電子中游,機殼,1569,濱川
電子中游,機殼,2354,鴻準
電子中游,機殼,2474,可成
電子中游,機殼,3013,晟銘電
電子中游,機殼,3032,偉訓
電子中游,機殼,3230,錦明
電子中游,機殼,3294,英濟
電子中游,機殼,3325,旭品
電子中游,機殼,3508,位速
電子中游,機殼,3593,力銘
電子中游,機殼,3607,谷崧
電子中游,機殼,3693,營邦
電子中游,機殼,5392,能率
電子中游,機殼,5426,振發
電子中游,機殼,5465,富驊
電子中游,機殼,6117,迎廣
電子中游,機殼,6235,華孚
電子中游,機殼,6276,安鈦克
電子中游,機殼,8210,勤誠
電子中游,機殼,9136,巨騰-DR
電子中游,磁碟陣列,2495,普安
電子中游,磁碟陣列,3057,喬鼎
電子中游,磁碟陣列,7805,威聯通
電子中游,網通,2332,友訊
電子中游,網通,2345,智邦
電子中游,網通,2444,兆勁
電子中游,網通,3062,建漢
電子中游,網通,3234,光環
電子中游,網通,3380,明泰
電子中游,網通,3419,譁裕
電子中游,網通,3558,神準
電子中游,網通,3596,智易
電子中游,網通,3694,海華
電子中游,網通,3704,合勤控
電子中游,網通,4906,正文
電子中游,網通,4977,眾達-KY
電子中游,網通,5353,台林
電子中游,網通,5388,中磊
電子中游,網通,6142,友勁
電子中游,網通,6216,居易
電子中游,網通,6241,鑫永洋
電子中游,網通,6245,立端
電子中游,網通,6263,普萊德
電子中游,網通,6285,啟碁
電子中游,網通,6416,瑞祺電通
電子中游,網通,6470,宇智
電子中游,網通,6486,互動
電子中游,網通,6546,正基
電子中游,網通,6561,是方
電子中游,網通,6674,鋐寶科技
電子中游,網通,8011,台通
電子中游,網通,8097,常珵
電子中游,網通,8176,智捷
電子中游,網通,912000,晨訊科-DR
電子中游,聲學元件,2415,錩新
電子中游,聲學元件,3206,志豐
電子中游,聲學元件,4943,康控-KY
電子中游,變壓器與UPS,3043,科風
電子中游,變壓器與UPS,3191,雲嘉南
電子中游,變壓器與UPS,3617,碩天
電子中游,變壓器與UPS,3628,盈正
電子中游,變壓器與UPS,5309,系統電
電子中游,變壓器與UPS,6409,旭隼
電子中游,變壓器與UPS,7792,安葆
電子中游,通訊設備,2314,台揚
電子中游,通訊設備,2321,東訊
電子中游,通訊設備,2419,仲琦
電子中游,通訊設備,2424,隴華
電子中游,通訊設備,2485,兆赫
電子中游,通訊設備,3025,星通
電子中游,通訊設備,3138,耀登
電子中游,通訊設備,3163,波若威
電子中游,通訊設備,3306,鼎天
電子中游,通訊設備,3466,德晉
電子中游,通訊設備,3491,昇達科
電子中游,通訊設備,3499,環天科
電子中游,通訊設備,3669,圓展
電子中游,通訊設備,3672,康聯訊
電子中游,通訊設備,3684,榮昌
電子中游,通訊設備,4908,前鼎
電子中游,通訊設備,4979,華星光
電子中游,通訊設備,6152,百一
電子中游,通訊設備,6184,大豐電
電子中游,通訊設備,6426,統新
電子中游,通訊設備,6442,光聖
電子中游,通訊設備,6465,威潤
電子中游,通訊設備,6530,創威
電子中游,通訊設備,6588,東典光電
電子中游,通訊設備,8034,榮群
電子中游,通訊設備,8045,達運光電
電子中游,通訊設備,8048,德勝
電子中游,通訊設備,8059,凱碩
電子中游,通訊設備,8089,康全電訊
電子中游,金屬製品,2059,川湖
電子中游,金屬製品,6584,南俊國際
電子中游,電子元件通路,3224,三顧
電子中游,電子元件通路,6761,穩得
電子中游,電源供應器,1471,首利
電子中游,電源供應器,2301,光寶科
電子中游,電源供應器,2308,台達電
電子中游,電源供應器,2413,環科
電子中游,電源供應器,2420,新巨
電子中游,電源供應器,2431,聯昌
電子中游,電源供應器,2457,飛宏
電子中游,電源供應器,3002,歐格
電子中游,電源供應器,3015,全漢
電子中游,電源供應器,3058,立德
電子中游,電源供應器,3078,僑威
電子中游,電源供應器,3296,勝德
電子中游,電源供應器,3308,聯德
電子中游,電源供應器,3332,幸康
電子中游,電源供應器,5328,華容
電子中游,電源供應器,6109,亞元
電子中游,電源供應器,6203,海韻電
電子中游,電源供應器,6282,康舒
電子中游,電源供應器,6412,群電
電子中游,電源供應器,8093,保銳
電子中游,電源供應器,8109,博大
電子中游,電源供應器,8171,天宇
