編號,股票代碼,股票名稱,現股價值,,,,,,,,,
1,2327,國巨*,518,,,,,,,,,
2,2330,台積電,2190,,,,,,,,,
3,2408,南亞科,271.5,,,,,,,,,
4,4958,臻鼎-KY,436,,,,,,,,,
5,8299,群聯,2255,,,,,,,,,
6,2303,聯電,107.5,,,,,,,,,
7,2313,華通,254,,,,,,,,,
8,2454,聯發科,3155,,,,,,,,,
9,3481,群創,36.35,,,,,,,,,
10,3189,景碩,501,,,,,,,,,
11,2308,台達電,1905,,,,,,,,,
12,2344,華邦電,114,,,,,,,,,
13,3037,欣興,819,,,,,,,,,
14,2337,旺宏,140,,,,,,,,,
15,6147,頎邦,215,,,,,,,,,
16,3443,創意,4555,,,,,,,,,
17,2317,鴻海,239.5,,,,,,,,,
18,3105,穩懋,444.5,,,,,,,,,
19,6285,啟碁,279,,,,,,,,,
20,2455,全新,402,,,,,,,,,
21,3711,日月光投控,473.5,,,,,,,,,
22,2603,長榮,213.5,,,,,,,,,
23,8046,南電,827,,,,,,,,,
24,50,元大台灣50,92.5,,,,,,,,,
25,3661,世芯-KY,4580,,,,,,,,,
26,2345,智邦,2330,,,,,,,,,
27,2449,京元電子,278.5,,,,,,,,,
28,2382,廣達,290.5,,,,,,,,,
29,2481,強茂,133.5,,,,,,,,,
30,3006,晶豪科,223.5,,,,,,,,,
31,6669,緯穎,4870,,,,,,,,,
32,00403A,主動統一升級50,9.65,,,,,,,,,
33,6531,愛普*,973,,,,,,,,,
34,00981A,主動統一台股增長,27.13,,,,,,,,,
35,3036,文曄,281,,,,,,,,,
36,2368,金像電,1245,,,,,,,,,
37,3017,奇鋐,2325,,,,,,,,,
38,2383,台光電,4360,,,,,,,,,
39,3167,大量,786,,,,,,,,,
40,5289,宜鼎,1655,,,,,,,,,
41,5347,世界,160,,,,,,,,,
42,6415,矽力*-KY,502,,,,,,,,,
43,2891,中信金,57.9,,,,,,,,,
44,3624,光頡,91.7,,,,,,,,,
45,8021,尖點,357.5,,,,,,,,,
46,7750,新代,2450,,,,,,,,,
47,5425,台半,87.8,,,,,,,,,
48,2355,敬鵬,59.4,,,,,,,,,
49,3260,威剛,403,,,,,,,,,
50,6223,旺矽,5745,,,,,,,,,
51,3090,日電貿,178.5,,,,,,,,,
52,2404,漢唐,1025,,,,,,,,,
53,3081,聯亞,2560,,,,,,,,,
54,00631L,元大台灣50正2,29.4,,,,,,,,,
55,3491,昇達科,1735,,,,,,,,,
56,6139,亞翔,710,,,,,,,,,
57,2892,第一金,27.8,,,,,,,,,
58,4919,新唐,165,,,,,,,,,
59,8043,蜜望實,115,,,,,,,,,
60,6239,力成,234,,,,,,,,,
61,6770,力積電,57.2,,,,,,,,,
62,1582,信錦,107.5,,,,,,,,,
63,2301,光寶科,203.5,,,,,,,,,
64,2376,技嘉,301,,,,,,,,,
65,2472,立隆電,255,,,,,,,,,
66,3665,貿聯-KY,1955,,,,,,,,,
67,8027,鈦昇,242,,,,,,,,,
68,8996,高力,997,,,,,,,,,
69,4916,事欣科,89.9,,,,,,,,,
70,3673,TPK-KY,72.7,,,,,,,,,
71,3357,臺慶科,231,,,,,,,,,
72,3653,健策,2950,,,,,,,,,
73,3533,嘉澤,2340,,,,,,,,,
74,2316,楠梓電,139.5,,,,,,,,,
75,5274,信驊,15500,,,,,,,,,
76,2412,中華電,139.5,,,,,,,,,
77,3042,晶技,147,,,,,,,,,
78,8112,至上,83.8,,,,,,,,,
79,2464,盟立,124,,,,,,,,,
80,1303,南亞,81,,,,,,,,,
81,6207,雷科,80.7,,,,,,,,,
82,6442,光聖,1765,,,,,,,,,
83,2367,燿華,63.1,,,,,,,,,
84,2360,致茂,2055,,,,,,,,,
85,2485,兆赫,70.2,,,,,,,,,
86,2489,瑞軒,42,,,,,,,,,
87,8358,金居,455,,,,,,,,,
88,6278,台表科,202,,,,,,,,,
89,6488,環球晶,636,,,,,,,,,
90,1802,台玻,63.6,,,,,,,,,
91,3008,大立光,3325,,,,,,,,,
92,7769,鴻勁,6880,,,,,,,,,
93,8096,擎亞,106,,,,,,,,,
94,6257,矽格,206.5,,,,,,,,,
95,6446,藥華藥,785,,,,,,,,,
96,2881,富邦金,96.2,,,,,,,,,
97,2049,上銀,356.5,,,,,,,,,
98,3529,力旺,3355,,,,,,,,,
99,5269,祥碩,1370,,,,,,,,,
100,3033,威健,51.3,,,,,,,,,
101,3231,緯創,133,,,,,,,,,
102,3324,雙鴻,938,,,,,,,,,
103,3264,欣銓,205.5,,,,,,,,,
104,3034,聯詠,470.5,,,,,,,,,
105,2492,華新科,241.5,,,,,,,,,
106,3374,精材,229,,,,,,,,,
107,00679B,元大美債20年,26.09,,,,,,,,,
108,3702,大聯大,119,,,,,,,,,
109,1785,光洋科,137.5,,,,,,,,,
110,2887,台新新光金,24.05,,,,,,,,,
111,6213,聯茂,231.5,,,,,,,,,
112,2409,友達,18.75,,,,,,,,,
113,919,群益台灣精選高息,25.95,,,,,,,,,
114,4749,新應材,992,,,,,,,,,
115,6451,訊芯-KY,482.5,,,,,,,,,
116,2027,大成鋼,41.3,,,,,,,,,
117,2357,華碩,639,,,,,,,,,
118,5243,乙盛-KY,104,,,,,,,,,
119,2615,萬海,81.4,,,,,,,,,
120,6789,采鈺,511,,,,,,,,,
121,6510,精測,3360,,,,,,,,,
122,8261,富鼎,149,,,,,,,,,
123,2377,微星,109.5,,,,,,,,,
124,1717,長興,71.7,,,,,,,,,
125,1560,中砂,606,,,,,,,,,
126,2882,國泰金,78.1,,,,,,,,,
127,3305,昇貿,134.5,,,,,,,,,
128,9816,凱基台灣TOP50,13.31,,,,,,,,,
129,00632R,元大台灣50反1,11.76,,,,,,,,,
130,3675,德微,311.5,,,,,,,,,
131,5439,高技,363.5,,,,,,,,,
132,2356,英業達,50.9,,,,,,,,,
133,2451,創見,306,,,,,,,,,
134,2379,瑞昱,562,,,,,,,,,
135,8028,昇陽半導體,257,,,,,,,,,
136,2388,威盛,80,,,,,,,,,
137,2467,志聖,553,,,,,,,,,
138,3363,上詮,782,,,,,,,,,
139,6209,今國光,78.9,,,,,,,,,
140,52,富邦科技,54.4,,,,,,,,,
141,6127,九豪,52.1,,,,,,,,,
142,6805,富世達,1710,,,,,,,,,
143,6727,亞泰金屬,501,,,,,,,,,
144,3211,順達,347.5,,,,,,,,,
145,5351,鈺創,73.9,,,,,,,,,
146,6919,康霈*,101,,,,,,,,,
147,6274,台燿,1200,,,,,,,,,
148,2375,凱美,111.5,,,,,,,,,
149,8069,元太,230,,,,,,,,,
150,3035,智原,188,,,,,,,,,
151,878,國泰永續高股息,26.9,,,,,,,,,
152,1815,富喬,99.5,,,,,,,,,
153,5309,系統電,67.7,,,,,,,,,
154,2498,宏達電,45.7,,,,,,,,,
155,3019,亞光,150.5,,,,,,,,,
156,00937B,群益ESG投等債20+,14.51,,,,,,,,,
157,2059,川湖,4495,,,,,,,,,
158,4989,榮科,91.8,,,,,,,,,
159,3663,鑫科,79.6,,,,,,,,,
160,6706,惠特,160.5,,,,,,,,,
161,3026,禾伸堂,390,,,,,,,,,
162,3535,晶彩科,122,,,,,,,,,
163,2886,兆豐金,40.25,,,,,,,,,
164,3680,家登,503,,,,,,,,,
165,7734,印能科技,3295,,,,,,,,,
166,3045,台灣大,116,,,,,,,,,
167,3563,牧德,846,,,,,,,,,
168,8210,勤誠,1275,,,,,,,,,
169,6515,穎崴,9420,,,,,,,,,
170,6830,汎銓,683,,,,,,,,,
171,56,元大高股息,44.01,,,,,,,,,
172,3715,定穎投控,160.5,,,,,,,,,
173,3236,千如,42.3,,,,,,,,,
174,3583,辛耘,817,,,,,,,,,
175,2351,順德,177,,,,,,,,,
176,6719,力智,232,,,,,,,,,
177,3023,信邦,303.5,,,,,,,,,
178,3580,友威科,102.5,,,,,,,,,
179,00988A,主動統一全球創新,18.16,,,,,,,,,
180,6443,元晶,40.35,,,,,,,,,
181,2484,希華,44.3,,,,,,,,,
182,00738U,期元大道瓊白銀,59.4,,,,,,,,,
183,2609,陽明,50.3,,,,,,,,,
184,5483,中美晶,134.5,,,,,,,,,
185,3645,達邁,103,,,,,,,,,
186,4967,十銓,258,,,,,,,,,
187,8039,台虹,126.5,,,,,,,,,
188,2478,大毅,105.5,,,,,,,,,
189,8150,南茂,74.3,,,,,,,,,
190,6781,AES-KY,1085,,,,,,,,,
191,5536,聖暉*,915,,,,,,,,,
192,8016,矽創,284,,,,,,,,,
193,3044,健鼎,460,,,,,,,,,
194,00991A,主動復華未來50,16.9,,,,,,,,,
195,2912,統一超,223.5,,,,,,,,,
196,1519,華城,772,,,,,,,,,
197,3149,正達,55.6,,,,,,,,,
198,2883,凱基金,21.65,,,,,,,,,
199,2441,超豐,102.5,,,,,,,,,
200,2301,光寶科,252.0,,,,,,,,,
200,3576,聯合再生,17.55,,,,,,,,,
201,8299,群聯,2260,,,,,,,,,
202,6147,頎邦,216.5,,,,,,,,,
203,3105,穩懋,446,,,,,,,,,
204,5289,宜鼎,1665,,,,,,,,,
205,5347,世界,160.5,,,,,,,,,
206,3624,光頡,92.6,,,,,,,,,
207,5425,台半,87.8,,,,,,,,,
208,3260,威剛,403.5,,,,,,,,,
209,6223,旺矽,5730,,,,,,,,,
210,3081,聯亞,2570,,,,,,,,,
211,3491,昇達科,1745,,,,,,,,,
212,8043,蜜望實,116,,,,,,,,,
213,8027,鈦昇,242.5,,,,,,,,,
214,3357,臺慶科,231,,,,,,,,,
215,5274,信驊,15550,,,,,,,,,
216,6207,雷科,81.3,,,,,,,,,
217,8358,金居,457.5,,,,,,,,,
218,6488,環球晶,631,,,,,,,,,
219,8096,擎亞,106.5,,,,,,,,,
220,3529,力旺,3365,,,,,,,,,
221,3324,雙鴻,940,,,,,,,,,
222,3264,欣銓,206,,,,,,,,,
223,3374,精材,230.5,,,,,,,,,
224,00679B,元大美債20年,26.1,,,,,,,,,
225,1785,光洋科,138,,,,,,,,,
226,4749,新應材,993,,,,,,,,,
227,6510,精測,3370,,,,,,,,,
228,6274,台燿,1190,,,,,,,,,
229,3675,德微,311.5,,,,,,,,,
230,5439,高技,364,,,,,,,,,
231,3363,上詮,782,,,,,,,,,
232,3211,順達,348.5,,,,,,,,,
233,6127,九豪,52.1,,,,,,,,,
234,6727,亞泰金屬,501,,,,,,,,,
235,5351,鈺創,74,,,,,,,,,
236,8069,元太,229.5,,,,,,,,,
237,1815,富喬,99.8,,,,,,,,,
238,5309,系統電,67.9,,,,,,,,,
239,00937B,群益ESG投等債20+,14.51,,,,,,,,,
240,3663,鑫科,80,,,,,,,,,
241,3680,家登,506,,,,,,,,,
242,7734,印能科技,3290,,,,,,,,,
243,3236,千如,42.4,,,,,,,,,
244,3580,友威科,103.5,,,,,,,,,
245,5483,中美晶,135,,,,,,,,,
246,5536,聖暉*,917,,,,,,,,,
247,3293,鈊象,729,,,,,,,,,
248,4931,新盛力,187,,,,,,,,,
249,6290,良維,264.5,,,,,,,,,
250,4966,譜瑞-KY,760,,,,,,,,,
251,3317,尼克森,72.8,,,,,,,,,
252,6187,萬潤,1080,,,,,,,,,
253,8064,東捷,123.5,,,,,,,,,
254,3221,台嘉碩,48.15,,,,,,,,,
255,3131,弘塑,2570,,,,,,,,,
256,00687B,國泰20年美債,27.12,,,,,,,,,
257,4760,勤凱,284,,,,,,,,,
258,3615,安可,42.5,,,,,,,,,
259,3693,營邦,506,,,,,,,,,
260,6175,立敦,81.5,,,,,,,,,
261,6138,茂達,301,,,,,,,,,
262,6284,佳邦,88.1,,,,,,,,,
263,6485,點序,112,,,,,,,,,
264,8040,九暘,98.6,,,,,,,,,
265,5475,德宏,277,,,,,,,,,
266,3707,漢磊,72.4,,,,,,,,,
267,6182,合晶,57.2,,,,,,,,,
268,3227,原相,223.5,,,,,,,,,
269,4979,華星光,542,,,,,,,,,
270,5328,華容,30.9,,,,,,,,,
271,8255,朋程,154.5,,,,,,,,,
272,6683,雍智科技,1780,,,,,,,,,
273,4991,環宇-KY,700,,,,,,,,,
274,3163,波若威,934,,,,,,,,,
275,7828,創新服務,1050,,,,,,,,,
276,3430,奇鈦科,159.5,,,,,,,,,
277,6643,M31,565,,,,,,,,,
278,6462,神盾,135.5,,,,,,,,,
279,8086,宏捷科,144,,,,,,,,,
280,6173,信昌電,160,,,,,,,,,
281,7751,竑騰,1460,,,,,,,,,
282,8932,智通*,99,,,,,,,,,
283,6291,沛亨,465.5,,,,,,,,,
284,3441,聯一光,47.85,,,,,,,,,
285,5314,世紀*,67.6,,,,,,,,,
286,8054,安國,108.5,,,,,,,,,
287,5443,均豪,115.5,,,,,,,,,
288,3294,英濟,40.25,,,,,,,,,
289,6642,富致,83.7,,,,,,,,,
290,5498,凱崴,61.6,,,,,,,,,
291,7717,萊德光電-KY,671,,,,,,,,,
292,4973,廣穎,107.5,,,,,,,,,
293,3362,先進光,113,,,,,,,,,
294,4768,晶呈科技,406,,,,,,,,,
295,6190,萬泰科,77.1,,,,,,,,,
296,6261,久元,113.5,,,,,,,,,
297,3709,鑫聯大投控,82.8,,,,,,,,,
298,6640,均華,1265,,,,,,,,,
299,3537,堡達,57.8,,,,,,,,,
300,7712,博盛半導體,167.5,,,,,,,,,
301,3479,安勤,109.5,,,,,,,,,
302,8155,博智,392.5,,,,,,,,,
303,00720B,元大投資級公司債,32.29,,,,,,,,,
304,6208,日揚,94.3,,,,,,,,,
305,00933B,國泰10Y+金融債,15.69,,,,,,,,,
306,6739,竹陞科技,1250,,,,,,,,,
307,5291,邑昇,72.4,,,,,,,,,
308,6532,瑞耘,96.9,,,,,,,,,
309,3088,艾訊,134.5,,,,,,,,,
310,5299,杰力,103.5,,,,,,,,,
311,3577,泓格,131.5,,,,,,,,,
312,6584,南俊國際,631,,,,,,,,,
313,8289,泰藝,55.3,,,,,,,,,
314,00751B,元大AAA至A公司債,31,,,,,,,,,
315,6432,今展科,52.1,,,,,,,,,
316,3587,閎康,322.5,,,,,,,,,
317,5236,凌陽創新,172.5,,,,,,,,,
318,5371,中光電,71.1,,,,,,,,,
319,6174,安碁,43.45,,,,,,,,,
320,6664,群翊,395,,,,,,,,,
321,7709,榮田,92,,,,,,,,,
322,6419,京晨科,142.5,,,,,,,,,
323,3217,優群,188.5,,,,,,,,,
324,6435,大中,228.5,,,,,,,,,
325,00795B,中信美國公債20年,26.02,,,,,,,,,
326,3162,精確,85.3,,,,,,,,,
327,00724B,群益投資級金融債,33.1,,,,,,,,,
328,3691,碩禾,138.5,,,,,,,,,
329,6237,驊訊,49.2,,,,,,,,,
330,5904,寶雅,559,,,,,,,,,
331,6903,巨漢,371.5,,,,,,,,,
332,6425,易發,88,,,,,,,,,
333,6234,高僑,43.6,,,,,,,,,
334,887,永豐中國科技50大,16.53,,,,,,,,,
335,6679,鈺太,314.5,,,,,,,,,
336,6217,中探針,239,,,,,,,,,
337,6265,方土昶,41.65,,,,,,,,,
338,3265,台星科,170.5,,,,,,,,,
339,3689,湧德,119,,,,,,,,,
340,3228,金麗科,198,,,,,,,,,
341,4971,IET-KY,694,,,,,,,,,
342,6227,茂綸,114,,,,,,,,,
343,6788,華景電,394.5,,,,,,,,,
344,6188,廣明,80.9,,,,,,,,,
345,3141,晶宏,64.4,,,,,,,,,
346,6538,倉和,106.5,,,,,,,,,
347,4772,台特化,289,,,,,,,,,
348,00764B,群益25年美債,27.12,,,,,,,,,
349,00725B,國泰投資級公司債,34.37,,,,,,,,,
350,8091,翔名,255,,,,,,,,,
351,8042,金山電,118.5,,,,,,,,,
352,3498,陽程,142.5,,,,,,,,,
353,5340,建榮,99.9,,,,,,,,,
354,3289,宜特,161,,,,,,,,,
355,4908,前鼎,245,,,,,,,,,
356,3485,敘豐,238,,,,,,,,,
357,00948B,中信優息投資級債,9.25,,,,,,,,,
358,3234,光環,97.1,,,,,,,,,
359,3551,世禾,194,,,,,,,,,
360,00981B,第一金優選非投債,9.18,,,,,,,,,
361,8147,正淩,181,,,,,,,,,
362,3526,凡甲,356,,,,,,,,,
363,00772B,中信高評級公司債,32.92,,,,,,,,,
364,877,復華中國5G,39.91,,,,,,,,,
365,6279,胡連,117,,,,,,,,,
366,7744,崴寶,493.5,,,,,,,,,
367,00719B,元大美債1-3,30.91,,,,,,,,,
368,3339,泰谷,47.35,,,,,,,,,
369,6104,創惟,95.8,,,,,,,,,
370,8121,越峰,35.15,,,,,,,,,
371,4903,聯光通,44.45,,,,,,,,,
372,6568,宏觀,207.5,,,,,,,,,
373,00722B,群益投資級電信債,35.14,,,,,,,,,
374,6499,益安,94.2,,,,,,,,,
375,6244,茂迪,28.2,,,,,,,,,
376,4542,科嶠,235.5,,,,,,,,,
377,4933,友輝,72.6,,,,,,,,,
378,6411,晶焱,85.4,,,,,,,,,
379,6121,新普,376.5,,,,,,,,,
380,4729,熒茂,23.65,,,,,,,,,
381,6530,創威,102,,,,,,,,,
382,8050,廣積,51.2,,,,,,,,,
383,6509,聚和,47.1,,,,,,,,,
384,00950B,凱基A級公司債,13.8,,,,,,,,,
385,00696B,富邦美債20年,28.15,,,,,,,,,
386,5864,致和證,30.9,,,,,,,,,
387,6548,長科*,48.65,,,,,,,,,
388,3455,由田,280,,,,,,,,,
389,6126,信音,33.95,,,,,,,,,
390,3490,單井,36.8,,,,,,,,,
391,8227,巨有科技,192.5,,,,,,,,,
392,8044,網家,27.1,,,,,,,,,
393,955,中信日本商社,15.66,,,,,,,,,
394,8390,金益鼎,113,,,,,,,,,
395,4721,美琪瑪,84.1,,,,,,,,,
396,8109,博大,126.5,,,,,,,,,
397,6125,廣運,54.8,,,,,,,,,
398,3152,璟德,164,,,,,,,,,
399,4743,合一,49.3,,,,,,,,,
400,6231,系微,276.5,,,,,,,,,
